country,raw_table,source_entity_code,source_entity_name,row_count,canonical_entity_name,notes
AR,ar_raw_solvencia,,AFIANZADORA,8,Afianzadora Latinoamericana,
AR,ar_raw_balance,755,AFIANZADORA LATINOAMERICANA COMPAÑÍA DE SEGUROS S.A.,7201,Afianzadora Latinoamericana,
AR,ar_raw_solvencia,,AGROSALTA,1,Agrosalta,
AR,ar_raw_balance,389,AGROSALTA COOPERATIVA DE SEGUROS LIMITADA,24184,Agrosalta,
AR,ar_raw_solvencia,,ALBA,8,Alba,
AR,ar_raw_balance,329,ALBA COMPAÑÍA ARGENTINA DE SEGUROS SOCIEDAD ANONIMA,21346,Alba,
AR,ar_raw_solvencia,,ALLIANZ,8,Allianz Argentina,
AR,ar_raw_balance,36,ALLIANZ ARGENTINA COMPAÑIA DE SEGUROS S.A.,78974,Allianz Argentina,
AR,ar_raw_solvencia,,ANDINA ART,5,Andina ART,
AR,ar_raw_balance,959,ANDINA ART S.A.,3399,Andina ART,
AR,ar_raw_balance,246,ANTARTIDA COMPAÑÍA ARGENTINA DE SEGUROS SOCIEDAD ANÓNIMA,84066,Antártida,
AR,ar_raw_solvencia,,ANTICIPAR,8,Anticipar,
AR,ar_raw_balance,844,ANTICIPAR COMPAÑÍA DE SEGUROS S.A.,16101,Anticipar,
AR,ar_raw_solvencia,,ANTÁRTIDA,8,Antártida,
AR,ar_raw_solvencia,,ARGOS,7,Argos,
AR,ar_raw_balance,241,ARGOS COMPAÑÍA ARGENTINA DE SEGUROS GENERALES SOCIEDAD ANÓNIMA,43463,Argos,
AR,ar_raw_solvencia,,ARGOS MUTUAL,8,Argos,
AR,ar_raw_balance,680,ARGOS MUTUAL DE SEGUROS DEL TRANSPORTE PÚBLICO DE PASAJEROS,21055,Argos,
AR,ar_raw_balance,962,ART MUTUAL DE EMPLEADOS MECANICOS Y AFINES DEL TRANSPORTE AUTOMOTOR SAN FRANCISCO,7511,ART Mutual San Francisco,
AR,ar_raw_solvencia,,ART MUTUAL RURAL,5,ART Mutual Rural,
AR,ar_raw_balance,932,ART MUTUAL RURAL DE SEGUROS DE RIESGOS DEL TRABAJO,17548,ART Mutual Rural,
AR,ar_raw_solvencia,,ART MUTUAL SAN FRANCISCO,3,ART Mutual San Francisco,
AR,ar_raw_solvencia,,ASEGURADORA DE BIENES Y SERVICIOS,6,Aseguradora de Bienes y Servicios,
AR,ar_raw_balance,937,ASEGURADORA DE BIENES Y SERVICIOS S.A.,1975,Aseguradora de Bienes y Servicios,
AR,ar_raw_balance,297,ASEGURADORA DE CREDITOS Y GARANTIAS SOCIEDAD ANONIMA,8021,Aseguradora de Créditos y Garantías,
AR,ar_raw_balance,857,ASEGURADORA DEL FINISTERRE COMPAÑÍA ARGENTINA DE SEGUROS S.A.,32504,Finisterre,
AR,ar_raw_solvencia,,ASEGURADORA DEL SUR,8,Aseguradora del Sur,
AR,ar_raw_balance,812,ASEGURADORA TOTAL MOTOVEHICULAR S.A.,944,ATM,
AR,ar_raw_solvencia,,ASEGURADORES DE CAUCIONES,8,Aseguradores de Cauciones,
AR,ar_raw_balance,415,ASEGURADORES DE CAUCIONES SOCIEDAD ANONIMA COMPAÑIA DE SEGUROS,52031,Aseguradores de Cauciones,
AR,ar_raw_balance,199,ASOCIACION MUTUAL DAN,25293,Asociación Mutual Dan,
AR,ar_raw_solvencia,,ASOCIACIÓN MUTUAL DAN,2,Asociación Mutual Dan,
AR,ar_raw_solvencia,,ASOCIART ART,8,Asociart ART,
AR,ar_raw_balance,620,ASOCIART S.A. ASEGURADORA DE RIESGOS DEL TRABAJO,22195,Asociart ART,
AR,ar_raw_solvencia,,ASSEKURANSA,8,Assekuransa,
AR,ar_raw_balance,771,ASSEKURANSA COMPAÑÍA DE SEGUROS SOCIEDAD ANÓNIMA,14176,Assekuransa,
AR,ar_raw_solvencia,,ASSURANT,8,Assurant Argentina,
AR,ar_raw_balance,209,ASSURANT ARGENTINA COMPAÑÍA DE SEGUROS SOCIEDAD ANÓNIMA,37046,Assurant Argentina,
AR,ar_raw_solvencia,,ASV,8,ASV,
AR,ar_raw_balance,540,"ASV ARGENTINA SALUD, VIDA Y PATRIMONIALES COMPAÑIA DE SEGUROS S.A.",43207,ASV,
AR,ar_raw_solvencia,,ATM,8,ATM,
AR,ar_raw_balance,812,ATM COMPAÑÍA DE SEGUROS S.A.,48173,ATM,
AR,ar_raw_solvencia,,AURORA,1,Aurora Argentina,
AR,ar_raw_solvencia,,BARBUSS,1,Barbuss Argentina,
AR,ar_raw_solvencia,,BBVA CONSOLIDAR,2,BBVA Seguros Argentina,
AR,ar_raw_balance,396,BBVA CONSOLIDAR SEGUROS S.A.,7163,BBVA Seguros Argentina,
AR,ar_raw_solvencia,,BBVA SEGUROS,5,BBVA Seguros Argentina,
AR,ar_raw_balance,396,BBVA SEGUROS ARGENTINA S.A.,18334,BBVA Seguros Argentina,
AR,ar_raw_solvencia,,BENEFICIO,8,Beneficio,
AR,ar_raw_balance,555,BENEFICIO S.A. COMPAÑIA DE SEGUROS,13258,Beneficio,
AR,ar_raw_solvencia,,BERKLEY,8,Berkley Argentina,
AR,ar_raw_solvencia,,BERKLEY ART,3,Berkley Argentina,
AR,ar_raw_balance,624,BERKLEY INTERNATIONAL ASEGURADORA DE RIESGOS DEL TRABAJO SOCIEDAD ANONIMA,26235,Berkley Argentina,
AR,ar_raw_balance,121,BERKLEY INTERNATIONAL SEGUROS SOCIEDAD ANONIMA,60327,Berkley Argentina,
AR,ar_raw_solvencia,,BERNARDINO RIVADAVIA,8,Seguros Bernardino Rivadavia,
AR,ar_raw_solvencia,,BHN,8,BHN,
AR,ar_raw_balance,696,BHN SEGUROS GENERALES S.A.,22482,BHN,
AR,ar_raw_solvencia,,BHN VIDA,8,BHN,
AR,ar_raw_balance,695,BHN VIDA S.A.,19204,BHN,
AR,ar_raw_solvencia,,BINARIA RETIRO,8,Binaria Seguros de Retiro,
AR,ar_raw_balance,530,BINARIA SEGUROS DE RETIRO S.A.,9982,Binaria Seguros de Retiro,
AR,ar_raw_balance,517,BINARIA SEGUROS DE VIDA S.A.,17793,Binaria Seguros de Vida,
AR,ar_raw_solvencia,,BINARIA VIDA,8,Binaria Seguros de Vida,
AR,ar_raw_solvencia,,BIND,3,Bind Seguros,
AR,ar_raw_balance,820,BIND SEGUROS S.A,4558,Bind Seguros,
AR,ar_raw_solvencia,,BONACORSI,6,Bonacorsi,
AR,ar_raw_balance,573,BONACORSI  SEGUROS DE PERSONAS S.A.,5139,Bonacorsi Seguros de Personas,
AR,ar_raw_solvencia,,BONACORSI PERSONAS,2,Bonacorsi Seguros de Personas,
AR,ar_raw_solvencia,,BOSTON,5,Boston Argentina,
AR,ar_raw_balance,32,BOSTON COMPAÑÍA ARGENTINA DE SEGUROS SOCIEDAD ANONIMA,84764,Boston Argentina,
AR,ar_raw_solvencia,,BRADESCO,2,Bradesco Argentina,
AR,ar_raw_balance,148,BRADESCO ARGENTINA DE SEGUROS S.A.,10561,Bradesco Argentina,
AR,ar_raw_solvencia,,CAJA DE PREVISIÓN,1,Caja de Previsión y Seguro Médico,
AR,ar_raw_balance,721,CAJA DE PREVISIÓN Y SEGURO MÉDICO DE LA PROVINCIA DE BS.AS,9751,Caja de Previsión y Seguro Médico,
AR,ar_raw_balance,501,CAJA DE SEGUROS S.A.,62712,Caja de Seguros,
AR,ar_raw_solvencia,,CAJA DE TUCUMÁN,8,Caja Popular de Tucumán,
AR,ar_raw_solvencia,,CAJA GENERALES,8,Caja de Seguros,
AR,ar_raw_balance,259,CAJA POPULAR DE AHORROS DE LA PROVINCIA DE TUCUMAN,14672,Caja Popular de Tucumán,
AR,ar_raw_solvencia,,CALEDONIA,6,Caledonia Argentina,
AR,ar_raw_balance,57,CALEDONIA ARGENTINA COMPAÑIA DE SEGUROS SOCIEDAD ANONIMA,44253,Caledonia Argentina,
AR,ar_raw_solvencia,,CAMINOS PROTEGIDOS,5,Caminos Protegidos,
AR,ar_raw_balance,7,CAMINOS PROTEGIDOS  COMPAÑÍA DE SEGUROS S.A.,49792,Caminos Protegidos,
AR,ar_raw_solvencia,,CARDIF,4,Cardif Argentina,
AR,ar_raw_balance,671,CARDIF SEGUROS S.A.,42753,Cardif Argentina,
AR,ar_raw_solvencia,,CARUSO,8,Caruso,
AR,ar_raw_balance,406,CARUSO COMPAÑÍA ARGENTINA DE SEGUROS SOCIEDAD ANÓNIMA,15482,Caruso,
AR,ar_raw_solvencia,,CERTEZA,8,Certeza,
AR,ar_raw_balance,491,CERTEZA COMPAÑIA DE SEGUROS S.A.,15531,Certeza,
AR,ar_raw_solvencia,,CESCE,7,Cesce Argentina,
AR,ar_raw_balance,404,CESCE ARGENTINA S.A. SEGUROS DE CREDITO Y  GARANTÍAS,23652,Cesce Argentina,
AR,ar_raw_solvencia,,CHUBB SEGUROS,8,Chubb Argentina,
AR,ar_raw_balance,275,CHUBB SEGUROS ARGENTINA S.A.,151109,Chubb Argentina,
AR,ar_raw_solvencia,,CNP,8,CNP Assurances Argentina,
AR,ar_raw_balance,576,CNP ASSURANCES COMPAÑIA DE SEGUROS S.A.,29860,CNP Assurances Argentina,
AR,ar_raw_solvencia,,COFACE,7,Coface Argentina,
AR,ar_raw_solvencia,,COLON,5,Colón,
AR,ar_raw_balance,861,COLON COMPAÑÍA DE SEGUROS SOCIEDAD ANONIMA,30021,Colón,
AR,ar_raw_solvencia,,COLÓN,3,Colón,
AR,ar_raw_solvencia,,COMARSEG,8,Comarseg,
AR,ar_raw_balance,809,COMARSEG COMPAÑIA ARGENTINA DE SEGUROS S.A.,7034,Comarseg,
AR,ar_raw_balance,686,COMPAGNIE FRANCAISE D´ASSURANCE POUR LE COMMERCE EXTERIEUR (SUCURSAL ARGENTINA),28596,Coface Argentina,
AR,ar_raw_balance,412,COMPAÑIA ARGENTINA DE SEGUROS LATITUD SUR SOCIEDAD ANONIMA,42012,Latitud Sur,
AR,ar_raw_balance,64,COMPAÑIA ARGENTINA DE SEGUROS VICTORIA SOCIEDAD ANONIMA,30455,Victoria,
AR,ar_raw_balance,227,COMPAÑIA DE SEGUROS EUROAMERICA S.A.,25140,Euroamérica,
AR,ar_raw_balance,780,COMPAÑIA DE SEGUROS INSUR S.A.,10844,Insur Argentina,
AR,ar_raw_balance,116,COMPAÑIA DE SEGUROS LA MERCANTIL ANDINA SOCIEDAD ANONIMA,61586,La Mercantil Andina,
AR,ar_raw_balance,830,COMPAÑIA REASEGURADORA DEL SUR S.A.,147,Aseguradora del Sur,
AR,ar_raw_balance,830,COMPAÑÍA ASEGURADORA DEL SUR S.A.,4623,Aseguradora del Sur,
AR,ar_raw_balance,822,COMPAÑÍA DE SEGUROS DE JUJUY SOCIEDAD DEL ESTADO,6679,Compañía de Seguros de Jujuy,
AR,ar_raw_balance,141,COMPAÑÍA DE SEGUROS EL NORTE SOCIEDAD ANONIMA,78698,El Norte,
AR,ar_raw_balance,432,COMPAÑÍA DE SEGUROS MAÑANA SOCIEDAD ANÓNIMA,10324,Mañana,
AR,ar_raw_balance,136,COMPAÑÍA MERCANTIL ASEGURADORA SOCIEDAD ANONIMA ARGENTINA DE SEGUROS,5222,Compañía Mercantil Aseguradora,
AR,ar_raw_balance,880,CONFIAR COMPAÑÍA DE SEGUROS SOCIEDAD ANONIMA,1620,Experta,
AR,ar_raw_solvencia,,CONFLUENCIA,8,Confluencia,
AR,ar_raw_balance,821,CONFLUENCIA COMPAÑIA DE SEGUROS S.A.,137247,Confluencia,
AR,ar_raw_solvencia,,COOP. MUTUAL PATRONAL,6,Cooperación Mutual Patronal,
AR,ar_raw_balance,196,COOPERACION MUTUAL PATRONAL SOCIEDAD MUTUAL DE SEGUROS GENERALES,39666,Cooperación Mutual Patronal,
AR,ar_raw_balance,388,COOPERATIVA DE SEGUROS LUZ Y FUERZA LIMITADA,25556,Cooperativa Luz y Fuerza,
AR,ar_raw_solvencia,,COPAN,8,COPAN,
AR,ar_raw_balance,248,COPAN COOPERATIVA DE SEGUROS LIMITADA,30614,COPAN,
AR,ar_raw_solvencia,,COSENA,5,COSENA,
AR,ar_raw_balance,725,COSENA SEGUROS S.A.,7095,COSENA,
AR,ar_raw_balance,604,CREDICOOP COMPAÑIA DE SEGUROS DE RETIRO S.A.,22351,Credicoop Seguros de Retiro,
AR,ar_raw_solvencia,,CREDICOOP RETIRO,3,Credicoop Seguros de Retiro,
AR,ar_raw_balance,656,CREDITO Y CAUCION S.A. COMPAÑÍA DE SEGUROS,7836,Crédito y Caución,
AR,ar_raw_solvencia,,CRUZ SUIZA,4,Cruz Suiza,
AR,ar_raw_balance,553,CRUZ SUIZA COMPAÑÍA DE SEGUROS S.A.,10686,Cruz Suiza,
AR,ar_raw_solvencia,,CRÉDITO Y CAUCIÓN,8,Crédito y Caución,
AR,ar_raw_solvencia,,CRÉDITOS Y GARANTÍAS,6,Créditos y Garantías,
AR,ar_raw_solvencia,,DIGNA,8,Digna,
AR,ar_raw_balance,872,DIGNA SEGUROS S.A.,17109,Digna,
AR,ar_raw_solvencia,,DULCE,7,La Dulce,
AR,ar_raw_solvencia,,EDIFICAR,8,Edificar,
AR,ar_raw_balance,80,EDIFICAR SEGUROS SOCIEDAD ANÓNIMA,13735,Edificar,
AR,ar_raw_balance,716,EL PROGRESO SEGUROS SOCIEDAD ANONIMA,16438,El Progreso,
AR,ar_raw_balance,6,EL SURCO COMPAÑÍA DE SEGUROS SOCIEDAD ANONIMA,26021,El Surco Argentina,
AR,ar_raw_solvencia,,EQUIDAD,2,La Equidad Argentina,
AR,ar_raw_solvencia,,EQUITATIVA DEL PLATA,8,La Equitativa del Plata,
AR,ar_raw_solvencia,,ESCUDO,4,Escudo,
AR,ar_raw_balance,746,ESCUDO SEGUROS S.A.,17132,Escudo,
AR,ar_raw_solvencia,,ESENCIA,7,Esencia,
AR,ar_raw_balance,933,ESENCIA SEGUROS S.A.,51648,Esencia,
AR,ar_raw_solvencia,,ESTRELLA RETIRO,8,La Estrella Seguros de Retiro,
AR,ar_raw_solvencia,,EUROAMÉRICA,7,Euroamérica,
AR,ar_raw_solvencia,,EVOLUCIÓN,8,Evolución,
AR,ar_raw_balance,236,EVOLUCIÓN SEGUROS S.A.,30787,Evolución,
AR,ar_raw_solvencia,,EXPERTA,2,Experta,
AR,ar_raw_solvencia,,EXPERTA ART,8,Experta ART,
AR,ar_raw_solvencia,,EXPERTA PATRIMONIALES,3,Experta Seguros de Retiro,
AR,ar_raw_solvencia,,EXPERTA SAU,3,Experta,
AR,ar_raw_balance,433,EXPERTA SEGUROS DE RETIRO S.A.,13101,Experta Seguros de Retiro,
AR,ar_raw_balance,433,EXPERTA SEGUROS PATRIMONIALES S.A.,8465,Experta Seguros de Retiro,
AR,ar_raw_balance,880,EXPERTA SEGUROS SOCIEDAD ANÓNIMA UNIPERSONAL,43195,Experta,
AR,ar_raw_balance,616,Experta Aseguradora de Riesgos del Trabajo SA,23963,Experta ART,
AR,ar_raw_solvencia,,FED. PATRONAL,8,Federación Patronal,
AR,ar_raw_solvencia,,FED. PATRONAL RETIRO,8,Federación Patronal Retiro,
AR,ar_raw_balance,425,FEDERACION PATRONAL SEGUROS DE RETIRO S.A.,4190,Federación Patronal Retiro,
AR,ar_raw_balance,726,FEDERACION PATRONAL SEGUROS S.A.,41776,Federación Patronal,
AR,ar_raw_balance,726,FEDERACIÓN PATRONAL SEGUROS S.A.U.,15130,Federación Patronal,
AR,ar_raw_solvencia,,FEDERADA,7,Federada,
AR,ar_raw_balance,874,FEDERADA COMPAÑÍA DE SEGUROS S.A.,12605,Federada,
AR,ar_raw_balance,253,FIANZAS Y CREDITO S. A. COMPAÑIA DE SEGUROS,7204,Fianzas y Crédito,
AR,ar_raw_solvencia,,FIANZAS Y CRÉDITO,8,Fianzas y Crédito,
AR,ar_raw_solvencia,,FINISTERRE,6,Finisterre,
AR,ar_raw_solvencia,,FOMS,2,FOMS,
AR,ar_raw_balance,867,FOMS CIA. ARGENTINA DE SEGUROS S.A.,3831,FOMS,
AR,ar_raw_solvencia,,GALENO,8,Galeno,
AR,ar_raw_solvencia,,GALENO ART,7,Galeno,
AR,ar_raw_balance,619,GALENO ASEGURADORA DE RIESGOS DEL TRABAJO S.A.,9417,Galeno,
AR,ar_raw_balance,878,GALENO SEGUROS S.A.,39580,Galeno,
AR,ar_raw_solvencia,,GALICIA,6,Galicia Seguros,
AR,ar_raw_solvencia,,GALICIA RETIRO,8,Galicia Seguros,
AR,ar_raw_balance,426,GALICIA RETIRO COMPAÑIA DE SEGUROS S.A.,11483,Galicia Seguros,
AR,ar_raw_balance,426,GALICIA RETIRO COMPAÑÌA DE SEGUROS SAU,10575,Galicia Seguros,
AR,ar_raw_solvencia,,GALICIA S.A.,3,Galicia Seguros,
AR,ar_raw_solvencia,,GALICIA SAU,2,Galicia Seguros,
AR,ar_raw_balance,589,GALICIA SEGUROS S.A.,17654,Galicia Seguros,
AR,ar_raw_balance,589,GALICIA SEGUROS SAU,44994,Galicia Seguros,
AR,ar_raw_solvencia,,GARANTÍA MUTUAL,7,Garantía Mutual,
AR,ar_raw_balance,681,GARANTÍA MUTUAL DE SEGUROS DEL TRANSPORTE PÚBLICO DE PASAJEROS,22896,Garantía Mutual,
AR,ar_raw_solvencia,,GENES II,1,MetLife Argentina,
AR,ar_raw_solvencia,,GENES II RETIRO,1,MetLife Argentina,
AR,ar_raw_balance,420,GENES II SEGUROS DE RETIRO S.A.,2758,MetLife Argentina,
AR,ar_raw_solvencia,,GESTION,7,Gestión,
AR,ar_raw_balance,882,GESTION COMPAÑÍA ARGENTINA DE SEGUROS S.A.,13154,Gestión,
AR,ar_raw_solvencia,,GGAL,1,Galicia Seguros,
AR,ar_raw_solvencia,,GGAL RETIRO,1,Galicia Seguros,
AR,ar_raw_solvencia,,HAMBURGO,8,Hamburgo,
AR,ar_raw_balance,333,HAMBURGO COMPAÑIA DE SEGUROS SOCIEDAD ANONIMA,18875,Hamburgo,
AR,ar_raw_solvencia,,HANSEATICA,8,Hanseatica,
AR,ar_raw_balance,778,HANSEATICA COMPAÑIA  DE SEGUROS SOCIEDAD ANÓNIMA,29404,Hanseatica,
AR,ar_raw_solvencia,,HDI,6,HDI Argentina,
AR,ar_raw_balance,335,HDI SEGUROS S.A.,25731,HDI Argentina,
AR,ar_raw_solvencia,,HOLANDO SUDAMERICANA,8,La Holando Sudamericana,
AR,ar_raw_solvencia,,HORIZONTE,7,Horizonte,
AR,ar_raw_balance,261,HORIZONTE COMPAÑIA ARGENTINA DE SEGUROS GENERALES SOCIEDAD ANÓNIMA,27309,Horizonte,
AR,ar_raw_solvencia,,HSBC RETIRO,7,HSBC Seguros Argentina,
AR,ar_raw_balance,443,HSBC SEGUROS DE RETIRO (ARGENTINA) S.A.,29339,HSBC Seguros Argentina,
AR,ar_raw_balance,516,HSBC SEGUROS DE VIDA (ARGENTINA) S.A.,37263,HSBC Seguros Argentina,
AR,ar_raw_solvencia,,HSBC VIDA,7,HSBC Seguros Argentina,
AR,ar_raw_solvencia,,IAM,6,Instituto Asegurador Mercantil,
AR,ar_raw_balance,966,INCLUIR COMPAÑÍA DE SEGUROS DE PERSONAS SOCIEDAD ANÓNIMA,686,Incluir Seguros de Personas,
AR,ar_raw_solvencia,,INCLUIR PERSONAS,3,Incluir Seguros de Personas,
AR,ar_raw_solvencia,,INST. AUTÁRQUICO,2,Instituto Autárquico Entre Ríos Retiro,
AR,ar_raw_solvencia,,INST. ENTRE RÍOS RETIRO,5,Instituto Autárquico Entre Ríos Retiro,
AR,ar_raw_solvencia,,INSTITUTO ASEGURADOR,2,Instituto Asegurador Mercantil,
AR,ar_raw_balance,381,INSTITUTO ASEGURADOR MERCANTIL COMPAÑIA ARGENTINA DE SEGUROS SOCIEDAD ANÓNIMA IAM,27804,Instituto Asegurador Mercantil,
AR,ar_raw_balance,437,INSTITUTO AUTARQUICO PROVINCIAL DEL SEGURO DE ENTRE RIOS SEGURO DE RETIRO SOCIEDAD ANONIMA,7939,Instituto Autárquico Entre Ríos Retiro,
AR,ar_raw_solvencia,,INSTITUTO AUTÁRQUICO,2,Instituto Autárquico del Seguro,
AR,ar_raw_balance,254,INSTITUTO AUTÁRQUICO PROVINCIAL DEL SEGURO,63928,Instituto Autárquico del Seguro,
AR,ar_raw_solvencia,,INSTITUTO DE JUJUY,4,Instituto de Seguros de Jujuy,
AR,ar_raw_balance,661,INSTITUTO DE SALTA COMPAÑÍA DE SEGUROS DE VIDA SOCIEDAD ANÓNIMA,27392,Instituto de Salta,
AR,ar_raw_solvencia,,INSTITUTO DE SEGUROS,7,Instituto de Seguros,
AR,ar_raw_balance,822,INSTITUTO DE SEGUROS DE JUJUY,20082,Instituto de Seguros de Jujuy,
AR,ar_raw_balance,728,INSTITUTO DE SEGUROS SOCIEDAD ANÓNIMA,24245,Instituto de Seguros,
AR,ar_raw_solvencia,,INSTITUTO SALTA,8,Instituto de Salta,
AR,ar_raw_solvencia,,INSUR,7,Insur Argentina,
AR,ar_raw_solvencia,,INTERNACIONAL,1,Internacional Seguros de Vida,
AR,ar_raw_balance,521,INTERNACIONAL COMPAÑÍA DE SEGUROS DE VIDA S.A.,13862,Internacional Seguros de Vida,
AR,ar_raw_solvencia,,INTÉGRITY,8,Intégrity,
AR,ar_raw_balance,720,INTÉGRITY SEGUROS ARGENTINA S.A.,147821,Intégrity,
AR,ar_raw_balance,823,IUNIGO ARGENTINA COMPAÑÍA DE SEGUROS SAU,23005,Iúnigo Argentina,
AR,ar_raw_solvencia,,IÚNIGO,4,Iúnigo Argentina,
AR,ar_raw_balance,823,IÚNIGO ARGENTINA COMPAÑÍA DE SEGUROS SA,58946,Iúnigo Argentina,
AR,ar_raw_solvencia,,JUJUY SOCIEDAD DEL ESTADO,3,Compañía de Seguros de Jujuy,
AR,ar_raw_balance,312,JUNCAL COMPAÑÍA DE SEGUROS DE AUTOS Y PATRIMONIALES S.A.,4886,Juncal Patrimoniales,
AR,ar_raw_solvencia,,JUNCAL PATRIMONIALES,4,Juncal Patrimoniales,
AR,ar_raw_balance,158,LA DULCE COOPERATIVA DE SEGUROS LIMITADA,21505,La Dulce,
AR,ar_raw_solvencia,,LA EQUIDAD,2,La Equidad Argentina,
AR,ar_raw_balance,944,LA EQUIDAD SOCIAL COMPAÑÌA DE SEGUROS S.A.,766,La Equidad Argentina,
AR,ar_raw_balance,944,LA EQUIDAD SOCIAL COMPAÑÍA DE SEGUROS PATRIMONIALES S.A.,628,La Equidad Argentina,
AR,ar_raw_balance,44,LA EQUITATIVA DEL PLATA SOCIEDAD ANONIMA DE SEGUROS,36437,La Equitativa del Plata,
AR,ar_raw_balance,419,LA ESTRELLA S.A. COMPAñíA DE SEGUROS DE RETIRO,25751,La Estrella Seguros de Retiro,
AR,ar_raw_balance,79,LA HOLANDO SUDAMERICANA COMPAÑIA DE SEGUROS SOCIEDAD ANONIMA,59011,La Holando Sudamericana,
AR,ar_raw_balance,244,LA MERIDIONAL COMPAÑÍA ARGENTINA DE SEGUROS SOCIEDAD ANÓNIMA,112400,La Meridional,
AR,ar_raw_balance,163,LA NUEVA COOPERATIVA DE SEGUROS LIMITADA,42264,La Nueva Cooperativa,
AR,ar_raw_solvencia,,LA PALABRA PERSONAS,1,La Palabra Seguros de Personas,
AR,ar_raw_balance,157,LA PERSEVERANCIA SEGUROS SOCIEDAD ANONIMA,93327,La Perseverancia,
AR,ar_raw_balance,591,LA PREVISORA S.A. SEGUROS DE SEPELIO,4512,La Previsora Argentina,
AR,ar_raw_balance,618,LA SEGUNDA ASEGURADORA DE RIESGOS DEL TRABAJO SOCIEDAD ANÓNIMA,23806,La Segunda,
AR,ar_raw_balance,117,LA SEGUNDA COMPAÑIA DE SEGUROS DE PERSONAS SOCIEDAD ANÓNIMA,41389,La Segunda,
AR,ar_raw_balance,317,LA SEGUNDA COOPERATIVA LIMITADA DE SEGUROS GENERALES,78891,La Segunda,
AR,ar_raw_balance,436,LA SEGUNDA SEGUROS DE RETIRO SOCIEDAD ANONIMA,26282,La Segunda,
AR,ar_raw_balance,596,LA TERRITORIAL VIDA Y SALUD COMPAÑÍA DE SEGUROS SOCIEDAD ANÓNIMA,7347,La Territorial Vida,
AR,ar_raw_solvencia,,LATIN AMERICAN,7,Latin American Seguros,
AR,ar_raw_balance,855,LATIN AMERICAN SEGUROS S.A.,37935,Latin American Seguros,
AR,ar_raw_solvencia,,LATITUD SUR,8,Latitud Sur,
AR,ar_raw_solvencia,,LIBRA,7,Libra,
AR,ar_raw_balance,852,LIBRA COMPAÑIA ARGENTINA DE SEGUROS S.A.,15176,Libra,
AR,ar_raw_solvencia,,LIDER MOTOS,7,Líder Motos,
AR,ar_raw_balance,858,LIDER MOTOS COMPAÑÍA DE SEGUROS S.A.,22293,Líder Motos,
AR,ar_raw_solvencia,,LIDERAR,8,Liderar,
AR,ar_raw_balance,352,LIDERAR COMPAÑIA GENERAL DE SEGUROS S.A.,26948,Liderar,
AR,ar_raw_solvencia,,LIFE,5,Life Seguros,
AR,ar_raw_solvencia,,LIFE GROUP,2,Life Group,
AR,ar_raw_balance,694,LIFE GROUP COMPAÑÍA DE SEGUROS S.A.,1533,Life Group,
AR,ar_raw_balance,251,LIFE SEGUROS DE PERSONAS Y PATRIMONIALES S.A.,16975,Life Seguros,
AR,ar_raw_solvencia,,LOGRAR PERSONAS,1,Lograr Seguros de Personas,
AR,ar_raw_solvencia,,LUZ Y FUERZA,8,Cooperativa Luz y Fuerza,
AR,ar_raw_solvencia,,MAPFRE,8,Mapfre Argentina,
AR,ar_raw_balance,699,MAPFRE ARGENTINA SEGUROS DE VIDA S.A.,57763,Mapfre Argentina,
AR,ar_raw_balance,213,MAPFRE ARGENTINA SEGUROS S.A.,121805,Mapfre Argentina,
AR,ar_raw_solvencia,,MAPFRE VIDA,8,Mapfre Argentina,
AR,ar_raw_solvencia,,MAÑANA,8,Mañana,
AR,ar_raw_balance,432,MAÑANA SOCIEDAD ANONIMA DE SEGUROS DE PERSONAS,399,Mañana,
AR,ar_raw_solvencia,,MERCANTIL ANDINA,8,La Mercantil Andina,
AR,ar_raw_solvencia,,MERCANTIL ASEGURADORA,7,Compañía Mercantil Aseguradora,
AR,ar_raw_solvencia,,MERIDIONAL,8,La Meridional,
AR,ar_raw_solvencia,,METLIFE,3,MetLife Argentina,
AR,ar_raw_solvencia,,METLIFE  RETIRO,2,MetLife Argentina,
AR,ar_raw_balance,420,METLIFE SEGUROS DE RETIRO S.A.,3217,MetLife Argentina,
AR,ar_raw_balance,251,METLIFE SEGUROS S.A.,16427,MetLife Argentina,
AR,ar_raw_solvencia,,METROPOL,8,Metrópol,
AR,ar_raw_balance,334,METROPOL COMPAÑÍA ARGENTINA DE SEGUROS SOCIEDAD ANONIMA,10239,Metrópol,
AR,ar_raw_solvencia,,METROPOL MUTUOS,8,Metrópol,
AR,ar_raw_balance,682,METROPOL SOCIEDAD DE SEGUROS MUTUOS,6066,Metrópol,
AR,ar_raw_solvencia,,MISTA,4,MISTA,
AR,ar_raw_solvencia,,MISTA PERSONAS,2,MISTA,
AR,ar_raw_balance,632,MISTA SEGUROS DE PERSONAS S.A.,5978,MISTA,
AR,ar_raw_solvencia,,MUTUAL DAN,1,Asociación Mutual Dan,
AR,ar_raw_balance,890,MUTUAL DE EMPLEADOS Y OBREROS PETROLEROS PRIVADOS ART MUTUAL,6311,Mutual Petroleros ART,
AR,ar_raw_solvencia,,MUTUAL PATRONAL,2,Cooperación Mutual Patronal,
AR,ar_raw_solvencia,,MUTUAL PETROLEROS ART,8,Mutual Petroleros ART,
AR,ar_raw_solvencia,,MUTUAL RIVADAVIA,2,Mutual Rivadavia,
AR,ar_raw_balance,678,MUTUAL RIVADAVIA DE SEGUROS DEL TRANSPORTE PÚBLICO DE PASAJEROS,5330,Mutual Rivadavia,
AR,ar_raw_solvencia,,MUTUAL RURAL ART,2,ART Mutual Rural,
AR,ar_raw_solvencia,,MUTUAL SAN FRANCISCO ART,2,ART Mutual San Francisco,
AR,ar_raw_balance,845,N.S.A. SEGUROS GENERALES S.A.,4106,NSA,
AR,ar_raw_solvencia,,NACIÓN,5,Nación Seguros,
AR,ar_raw_solvencia,,NACIÓN RETIRO,8,Nación Seguros de Retiro,
AR,ar_raw_balance,534,NACIÓN SEGUROS DE RETIRO S.A.,9645,Nación Seguros de Retiro,
AR,ar_raw_balance,515,NACIÓN SEGUROS S.A.,63328,Nación Seguros,
AR,ar_raw_solvencia,,NATIVA,7,Nativa,
AR,ar_raw_balance,247,NATIVA COMPAÑIA ARGENTINA DE SEGUROS S.A.,37121,Nativa,
AR,ar_raw_solvencia,,NIVEL,8,Nivel,
AR,ar_raw_balance,662,NIVEL SEGUROS S.A.,47552,Nivel,
AR,ar_raw_solvencia,,NOBLE,8,Noble,
AR,ar_raw_balance,744,NOBLE COMPAÑÍA DE SEGUROS SOCIEDAD ANÓNIMA,62935,Noble,
AR,ar_raw_solvencia,,NORTE,8,El Norte,
AR,ar_raw_solvencia,,NRE,5,NRE,
AR,ar_raw_balance,868,NRE COMPAÑÍA DE REASEGUROS S.A.,30003,NRE,
AR,ar_raw_balance,868,NRE COMPAÑÍA DE SEGUROS S.A.,38065,NRE,
AR,ar_raw_solvencia,,NSA,7,NSA,
AR,ar_raw_solvencia,,NUEVA,8,La Nueva Cooperativa,
AR,ar_raw_solvencia,,OMINT,7,Omint,
AR,ar_raw_solvencia,,OMINT ART,6,Omint,
AR,ar_raw_balance,862,OMINT ASEGURADORA DE RIESGOS DEL TRABAJO S.A.,10657,Omint,
AR,ar_raw_balance,894,OMINT S.A. COMPAÑÍA DE SEGUROS,7645,Omint,
AR,ar_raw_solvencia,,OPCIÓN,8,Opción,
AR,ar_raw_balance,869,OPCIÓN SEGUROS S.A.,30457,Opción,
AR,ar_raw_solvencia,,ORBIS,7,Orbis,
AR,ar_raw_balance,293,ORBIS COMPAÑÍA ARGENTINA DE SEGUROS S.A.,31471,Orbis,
AR,ar_raw_solvencia,,ORÍGENES,3,Orígenes,
AR,ar_raw_solvencia,,ORÍGENES RETIRO,8,Orígenes Retiro,
AR,ar_raw_balance,423,ORÍGENES SEGUROS DE RETIRO S.A.,14213,Orígenes Retiro,
AR,ar_raw_balance,294,Orígenes Seguros S.A.,15764,Orígenes,
AR,ar_raw_solvencia,,PACÍFICO,8,Pacífico Argentina,
AR,ar_raw_balance,895,PACÍFICO COMPAÑÍA DE SEGUROS S.A.,7943,Pacífico Argentina,
AR,ar_raw_solvencia,,PARANÁ,8,Paraná,
AR,ar_raw_solvencia,,PARANÁ ART,2,Paraná ART,
AR,ar_raw_balance,330,PARANÁ SOCIEDAD ANONIMA DE SEGUROS,52050,Paraná,
AR,ar_raw_solvencia,,PERSEVERANCIA,8,La Perseverancia,
AR,ar_raw_solvencia,,PEUGEOT CITROËN,4,Stellantis Insurance,
AR,ar_raw_balance,888,PEUGEOT CITROËN ARGENTINA COMPAÑÍA DE SEGUROS S.A.,31105,Stellantis Insurance,
AR,ar_raw_solvencia,,PIEVE,8,Pieve,
AR,ar_raw_balance,643,PIEVE SEGUROS SOCIEDAD ANONIMA,6477,Pieve,
AR,ar_raw_solvencia,,PLENARIA,8,Plenaria,
AR,ar_raw_balance,546,PLENARIA SEGUROS S.A.,19582,Plenaria,
AR,ar_raw_solvencia,,POR VIDA,5,Por Vida,
AR,ar_raw_balance,820,POR VIDA SEGUROS SOCIEDAD ANONIMA,23316,Por Vida,
AR,ar_raw_solvencia,,PREMIAR,7,Premiar,
AR,ar_raw_balance,931,PREMIAR COMPAÑÍA ARGENTINA DE SEGUROS S.A.,5500,Premiar,
AR,ar_raw_solvencia,,PREVENCIÓN ART,8,Prevención ART,
AR,ar_raw_balance,626,PREVENCIÓN ASEGURADORA DE RIESGOS DEL TRABAJO S.A.,23991,Prevención ART,
AR,ar_raw_solvencia,,PREVENCIÓN RETIRO,7,Prevención Retiro,
AR,ar_raw_balance,930,PREVENCIÓN SEGUROS DE RETIRO SOCIEDAD ANÓNIMA,20449,Prevención Retiro,
AR,ar_raw_solvencia,,PREVINCA,4,Previnca,
AR,ar_raw_balance,409,PREVINCA SEGUROS SOCIEDAD ANONIMA,20232,Previnca,
AR,ar_raw_solvencia,,PREVISORA,5,La Previsora Argentina,
AR,ar_raw_solvencia,,PRODUCTORES DE FRUTAS,4,Productores de Frutas Argentinas,
AR,ar_raw_balance,348,PRODUCTORES DE FRUTAS ARGENTINAS COOPERATIVA DE SEGUROS LIMITADA,21195,Productores de Frutas Argentinas,
AR,ar_raw_solvencia,,PROGRESO,8,El Progreso,
AR,ar_raw_solvencia,,PROTECCIÓN MUTUAL,8,Protección Mutual,
AR,ar_raw_balance,679,PROTECCIÓN MUTUAL DE SEGUROS DEL TRANSPORTE PÚBLICO DE PASAJEROS,21306,Protección Mutual,
AR,ar_raw_solvencia,,PROVIDENCIA,8,Providencia,
AR,ar_raw_balance,528,PROVIDENCIA COMPAÑIA ARGENTINA DE SEGUROS S.A.,80934,Providencia,
AR,ar_raw_solvencia,,PROVINCIA,8,Provincia Seguros,
AR,ar_raw_solvencia,,PROVINCIA ART,8,Provincia ART,
AR,ar_raw_balance,621,PROVINCIA ASEGURADORA DE RIESGOS DEL TRABAJO S.A.,24669,Provincia ART,
AR,ar_raw_balance,532,PROVINCIA SEGUROS DE VIDA S. A.,10098,Provincia Seguros,
AR,ar_raw_balance,499,PROVINCIA SEGUROS SOCIEDAD ANONIMA,124811,Provincia Seguros,
AR,ar_raw_solvencia,,PROVINCIA VIDA,6,Provincia Seguros,
AR,ar_raw_balance,484,PROYECCION SEGUROS DE RETIRO S.A.,21383,Proyección Retiro,
AR,ar_raw_solvencia,,PROYECCIÓN RETIRO,3,Proyección Retiro,
AR,ar_raw_solvencia,,PRUDENCIA,8,Prudencia,
AR,ar_raw_balance,40,PRUDENCIA COMPAÑIA ARGENTINA DE SEGUROS GENERALES SOCIEDAD ANÓNIMA,16215,Prudencia,
AR,ar_raw_solvencia,,PRUDENTIAL,5,Prudential Argentina,
AR,ar_raw_balance,694,PRUDENTIAL SEGUROS S.A.,31791,Prudential Argentina,
AR,ar_raw_balance,39,QBE SEGUROS LA BUENOS AIRES SOCIEDAD ANONIMA,4935,QBE Seguros,
AR,ar_raw_solvencia,,QUALIA,8,Qualia,
AR,ar_raw_balance,879,QUALIA COMPAÑÍA DE SEGUROS S.A.,32492,Qualia,
AR,ar_raw_solvencia,,RCI,2,RCI Seguros,
AR,ar_raw_balance,964,RCI COMPAÑÍA DE SEGUROS DE PERSONAS SAU,3908,RCI Seguros,
AR,ar_raw_solvencia,,RCI PERSONAS,2,RCI Seguros,
AR,ar_raw_solvencia,,RECONQUISTA ART,8,Reconquista ART,
AR,ar_raw_balance,440,RECONQUISTA ASEGURADORA DE RIESGOS DEL TRABAJO SOCIEDAD ANONIMA,8810,Reconquista ART,
AR,ar_raw_solvencia,,Riesgos del Trabajo,8,Riesgos del Trabajo AR,
AR,ar_raw_solvencia,,RÍO URUGUAY,8,Río Uruguay Cooperativa,
AR,ar_raw_balance,360,RÍO URUGUAY COOPERATIVA DE SEGUROS LIMITADA,39396,Río Uruguay Cooperativa,
AR,ar_raw_solvencia,,SAN CRISTÓBAL,6,San Cristóbal Argentina,
AR,ar_raw_solvencia,,SAN CRISTÓBAL MUTUAL,2,San Cristóbal Argentina,
AR,ar_raw_solvencia,,SAN CRISTÓBAL RETIRO,8,San Cristóbal Argentina,
AR,ar_raw_balance,442,SAN CRISTÓBAL SEGURO DE RETIRO SOCIEDAD ANONIMA,22083,San Cristóbal Argentina,
AR,ar_raw_balance,192,SAN CRISTÓBAL SOCIEDAD MUTUAL DE SEGUROS GENERALES,112468,San Cristóbal Argentina,
AR,ar_raw_solvencia,,SAN GERMAN,6,San Germán,
AR,ar_raw_balance,847,SAN GERMAN SEGUROS S.A.,11055,San Germán,
AR,ar_raw_solvencia,,SAN MARINO,8,San Marino,
AR,ar_raw_balance,926,SAN MARINO COMPAÑÍA DE SEGUROS SOCIEDAD ANÓNIMA,33105,San Marino,
AR,ar_raw_solvencia,,SAN PATRICIO,7,San Patricio,
AR,ar_raw_balance,500,SAN PATRICIO SEGUROS DE VIDA Y SALUD S.A.,481,San Patricio,
AR,ar_raw_balance,500,SAN PATRICIO SEGUROS S.A.,10241,San Patricio,
AR,ar_raw_solvencia,,SANCOR,8,Sancor Seguros Argentina,
AR,ar_raw_balance,224,SANCOR COOPERATIVA DE SEGUROS LIMITADA,92766,Sancor Seguros Argentina,
AR,ar_raw_solvencia,,SANTA CRUZ,1,Santa Cruz,
AR,ar_raw_solvencia,,SANTA LUCIA,8,Santa Lucía,
AR,ar_raw_balance,498,SANTA LUCÍA S.A. COMPAÑÍA DE SEGUROS,26455,Santa Lucía,
AR,ar_raw_solvencia,,SANTÍSIMA TRINIDAD,6,Santísima Trinidad,
AR,ar_raw_balance,438,SANTÍSIMA TRINIDAD SEGUROS DE VIDA SOCIEDAD ANONIMA,4876,Santísima Trinidad,
AR,ar_raw_solvencia,,SEGUNDA,8,La Segunda,
AR,ar_raw_solvencia,,SEGUNDA ART,8,La Segunda,
AR,ar_raw_solvencia,,SEGUNDA PERSONAS,8,La Segunda,
AR,ar_raw_solvencia,,SEGUNDA RETIRO,8,La Segunda,
AR,ar_raw_solvencia,,SEGURCOOP,8,Segurcoop,
AR,ar_raw_balance,216,SEGURCOOP COOPERATIVA DE SEGUROS LIMITADA,61530,Segurcoop,
AR,ar_raw_solvencia,,SEGUROMETAL,8,Segurometal,
AR,ar_raw_balance,286,SEGUROMETAL COOPERATIVA DE SEGUROS LIMITADA,60020,Segurometal,
AR,ar_raw_balance,222,SEGUROS BERNARDINO RIVADAVIA COOPERATIVA LIMITADA,21662,Seguros Bernardino Rivadavia,
AR,ar_raw_solvencia,,SEGUROS MÉDICOS,8,Seguros Médicos,
AR,ar_raw_balance,749,SEGUROS MÉDICOS SOCIEDAD ANONIMA,6430,Seguros Médicos,
AR,ar_raw_balance,25,SEGUROS SURA S.A,43332,Sura Argentina,
AR,ar_raw_solvencia,,SENTIR,8,Sentir,
AR,ar_raw_balance,413,SENTIR SEGUROS SOCIEDAD ANONIMA,19436,Sentir,
AR,ar_raw_solvencia,,SERENA ART,1,Serena ART,
AR,ar_raw_solvencia,,SMG,8,SMG,
AR,ar_raw_balance,2,SMG COMPAÑIA ARGENTINA DE SEGUROS S.A.,47210,SMG,
AR,ar_raw_balance,710,SMG LIFE COMPAÑIA DE SEGUROS DE RETIRO S.A.,28344,SMG,
AR,ar_raw_balance,580,SMG LIFE SEGUROS DE VIDA S.A.,54687,SMG,
AR,ar_raw_solvencia,,SMG RETIRO,4,SMG,
AR,ar_raw_solvencia,,SMG VIDA,8,SMG,
AR,ar_raw_solvencia,,SMSV,8,SMSV,
AR,ar_raw_balance,747,SMSV COMPAÑIA ARGENTINA DE SEGUROS S.A.,36586,SMSV,
AR,ar_raw_solvencia,,SOCIAL SAN JUAN,2,Social San Juan,
AR,ar_raw_solvencia,,SOL NACIENTE,8,Sol Naciente,
AR,ar_raw_balance,574,SOL NACIENTE SEGUROS SOCIEDAD ANONIMA,137220,Sol Naciente,
AR,ar_raw_balance,922,SOLVENCIA COMPAÑÍA DE SEGUROS DE RETIRO SOCIEDAD ANÓNIMA.,131381,Solvencia Retiro,
AR,ar_raw_solvencia,,SOLVENCIA RETIRO,7,Solvencia Retiro,
AR,ar_raw_solvencia,,STARR,8,Starr Argentina,
AR,ar_raw_balance,829,"STARR INDEMNITY & LIABILITY COMPANY, SUCURSAL ARGENTINA, DE SEGUROS",15919,Starr Argentina,
AR,ar_raw_solvencia,,STELLANTIS,4,Stellantis Insurance,
AR,ar_raw_balance,888,STELLANTIS INSURANCE COMPAÑIA DE SEGUROS S.A.U.,11298,Stellantis Insurance,
AR,ar_raw_balance,25,SUDAMERICANA SEGUROS GALICIA S.A.,3969,Sura Argentina,
AR,ar_raw_solvencia,,SUMICLI,6,Sumicli Mutual,
AR,ar_raw_balance,665,SUMICLI  ASOCIACION MUTUAL DE SEGUROS,23334,Sumicli Mutual,
AR,ar_raw_solvencia,,SUMICLI MUTUAL,2,Sumicli Mutual,
AR,ar_raw_solvencia,,SUPERVIELLE,8,Supervielle Seguros,
AR,ar_raw_balance,595,SUPERVIELLE SEGUROS S.A.,38186,Supervielle Seguros,
AR,ar_raw_solvencia,,SURA,5,Sura Argentina,
AR,ar_raw_solvencia,,SURCO,8,El Surco Argentina,
AR,ar_raw_solvencia,,SWISS MEDICAL ART,7,Swiss Medical ART,
AR,ar_raw_balance,605,SWISS MEDICAL ART S.A.,10164,Swiss Medical ART,
AR,ar_raw_solvencia,,Seguros de Retiro,8,Seguros de Retiro AR,
AR,ar_raw_solvencia,,Seguros de Vida,8,Seguros de Vida AR,
AR,ar_raw_solvencia,,TERRITORIAL VIDA,8,La Territorial Vida,
AR,ar_raw_solvencia,,TESTIMONIO,8,Testimonio,
AR,ar_raw_balance,579,TESTIMONIO COMPAÑÍA DE SEGUROS S.A.,10330,Testimonio,
AR,ar_raw_solvencia,,TPC,5,TPC,
AR,ar_raw_balance,741,TPC COMPAÑIA DE SEGUROS S.A.,53991,TPC,
AR,ar_raw_balance,632,TRAYECTORIA COMPAÑÍA DE SEGUROS S.A.,4172,Trayectoria,
AR,ar_raw_solvencia,,TRAYECTORIA SEGUROS,2,Trayectoria,
AR,ar_raw_solvencia,,TRES PROVINCIAS,6,Tres Provincias,
AR,ar_raw_solvencia,,TRES PROVINCIAS PERSONAS,2,Tres Provincias Seguros de Personas,
AR,ar_raw_balance,578,TRES PROVINCIAS SEGUROS DE PERSONAS S.A.,25622,Tres Provincias Seguros de Personas,
AR,ar_raw_solvencia,,TRIUNFO,8,Triunfo,
AR,ar_raw_balance,402,TRIUNFO COOPERATIVA DE SEGUROS LIMITADA,59610,Triunfo,
AR,ar_raw_solvencia,,TUTELAR,8,Tutelar,
AR,ar_raw_balance,841,TUTELAR SEGUROS SOCIEDAD ANONIMA,8245,Tutelar,
AR,ar_raw_solvencia,,Transporte Público Pasajeros,8,Transporte Público Pasajeros AR,
AR,ar_raw_solvencia,,VICTORIA,8,Victoria,
AR,ar_raw_solvencia,,VIRGINIA,2,Virginia Surety,
AR,ar_raw_balance,712,VIRGINIA SURETY COMPAÑIA DE SEGUROS S.A.,8265,Virginia Surety,
AR,ar_raw_solvencia,,WARRANTY,8,Warranty,
AR,ar_raw_balance,229,WARRANTY INSURANCE COMPANY ARGENTINA DE SEGUROS SOCIEDAD ANÓNIMA,4235,Warranty,
AR,ar_raw_solvencia,,WORANZ,6,Woranz,
AR,ar_raw_balance,867,WORANZ COMPAÑÍA DE SEGUROS S.A.,5754,Woranz,
AR,ar_raw_balance,71,XL INSURANCE ARGENTINA S.A. COMPAÑÍA DE SEGUROS,1008,Woranz,
AR,ar_raw_solvencia,,ZURICH,7,Zurich Argentina,
AR,ar_raw_balance,422,ZURICH ARGENTINA COMPAÑIA DE SEGUROS DE RETIRO SOCIEDAD ANÓNIMA,21873,Zurich Argentina,
AR,ar_raw_balance,228,ZURICH ARGENTINA COMPAÑIA DE SEGUROS SOCIEDAD ANONIMA,101433,Zurich Argentina,
AR,ar_raw_solvencia,,ZURICH ASEGURADORA,8,Zurich Argentina,
AR,ar_raw_balance,39,ZURICH ASEGURADORA ARGENTINA S.A.,76069,Zurich Argentina,
AR,ar_raw_solvencia,,ZURICH INTERNATIONAL LIFE,8,Zurich Argentina,
AR,ar_raw_balance,541,ZURICH INTERNATIONAL LIFE LIMITED SUCURSAL ARGENTINA,34857,Zurich Argentina,
AR,ar_raw_solvencia,,ZURICH RETIRO,7,Zurich Argentina,
AR,ar_raw_solvencia,,ZURICH SANTANDER,8,Zurich Argentina,
AR,ar_raw_balance,692,ZURICH SANTANDER SEGUROS ARGENTINA S.A.,37979,Zurich Argentina,
CO,co_raw_form290,13-01,ALLIANZ (SG),18377,Allianz Generales Colombia,
CO,co_raw_primas,13-01,Allianz Seguros S.A.,5005,Allianz Generales Colombia,
CO,co_raw_gl,13-01,Allianz Seguros S.A.,7555,Allianz Generales Colombia,
CO,co_raw_solvencia,13-01,Allianz Seguros S.A.,715,Allianz Generales Colombia,
CO,co_raw_form290,13-05,CHUBB,17641,Chubb Colombia,
CO,co_raw_primas,13-05,Chubb Seguros Colombia S.A.,5005,Chubb Colombia,
CO,co_raw_gl,13-05,Chubb Seguros Colombia S.A.,6985,Chubb Colombia,
CO,co_raw_solvencia,13-05,Chubb Seguros Colombia S.A.,715,Chubb Colombia,
CO,co_raw_form290,13-06,AXA (SG),22916,AXA Generales,
CO,co_raw_primas,13-06,Axa Colpatria Seguros S.A.,5005,AXA Generales,
CO,co_raw_gl,13-06,Axa Colpatria Seguros S.A.,8142,AXA Generales,
CO,co_raw_solvencia,13-06,Axa Colpatria Seguros S.A.,713,AXA Generales,
CO,co_raw_form290,13-07,NACIONAL,2132,Nacional de Seguros,
CO,co_raw_gl,13-07,Nacional De Seguros,5323,Nacional de Seguros,
CO,co_raw_primas,13-07,"Nacional De Seguros"" O ""Ns",5005,Nacional de Seguros,
CO,co_raw_solvencia,13-07,"Nacional De Seguros"" O ""Ns",603,Nacional de Seguros,
CO,co_raw_form290,13-08,CONFIANZA,12137,Seguros Confianza,
CO,co_raw_primas,13-08,Seguros Confianza S.A.,5005,Seguros Confianza,
CO,co_raw_gl,13-08,Seguros Confianza S.A.,6981,Seguros Confianza,
CO,co_raw_solvencia,13-08,Seguros Confianza S.A.,705,Seguros Confianza,
CO,co_raw_form290,13-09,ZURICH,15946,Zurich Colombia,
CO,co_raw_primas,13-09,Zurich Colombia Seguros S.A.,5005,Zurich Colombia,
CO,co_raw_gl,13-09,Zurich Colombia Seguros S.A.,6796,Zurich Colombia,
CO,co_raw_solvencia,13-09,Zurich Colombia Seguros S.A.,715,Zurich Colombia,
CO,co_raw_form290,13-14,HDI (SG),11704,HDI Colombia,Merged 13-14 (Generales) and 14-10 (Vida) — both share source_entity_name HDI (SG); segment+entity_code distinguish downstream (CO-3)
CO,co_raw_gl,13-14,HDI Seguros,5678,HDI Generales Colombia,
CO,co_raw_primas,13-14,Hdi Seguros,3432,HDI Generales Colombia,
CO,co_raw_solvencia,13-14,Hdi Seguros,591,HDI Generales Colombia,
CO,co_raw_primas,13-17,"Compañía Mundial De Seguros S.A. Sigla Comercial ""Seguros Mundial",5005,Seguros Mundial,
CO,co_raw_solvencia,13-17,"Compañía Mundial De Seguros S.A. Sigla Comercial ""Seguros Mundial",715,Seguros Mundial,
CO,co_raw_form290,13-17,MUNDIAL,13035,Seguros Mundial,
CO,co_raw_gl,13-17,Seguros Mundial,8317,Seguros Mundial,
CO,co_raw_form290,13-18,SURA (SG),23748,Sura Generales Colombia,
CO,co_raw_primas,13-18,Seguros Generales Sura,5005,Sura Generales Colombia,
CO,co_raw_gl,13-18,Seguros Generales Sura,9453,Sura Generales Colombia,
CO,co_raw_solvencia,13-18,Seguros Generales Sura,585,Sura Generales Colombia,
CO,co_raw_form290,13-22,SBS,22109,SBS Seguros,
CO,co_raw_gl,13-22,SBS Seguros,7392,SBS Seguros,
CO,co_raw_primas,13-22,Sbs Seguros,5005,SBS Seguros,
CO,co_raw_solvencia,13-22,Sbs Seguros,691,SBS Seguros,
CO,co_raw_primas,13-24,La Previsora S.A.,5005,La Previsora Colombia,
CO,co_raw_solvencia,13-24,La Previsora S.A.,597,La Previsora Colombia,
CO,co_raw_gl,13-24,La Previsora S.a. Compañía De Seguros,9375,La Previsora Colombia,
CO,co_raw_form290,13-24,PREVISORA,20931,La Previsora Colombia,
CO,co_raw_form290,13-25,ALFA (SG),14602,Seguros Alfa,
CO,co_raw_primas,13-25,Seguros Alfa S.A.,5005,Seguros Alfa,
CO,co_raw_gl,13-25,Seguros Alfa S.A.,6971,Seguros Alfa,
CO,co_raw_solvencia,13-25,Seguros Alfa S.A.,1033,Seguros Alfa,
CO,co_raw_form290,13-26,MAPFRE (SG),21958,Mapfre Generales Colombia,
CO,co_raw_gl,13-26,Mapfre Seguros,8113,Mapfre Generales Colombia,
CO,co_raw_primas,13-26,Mapfre Seguros Generales De Colombia S.A.,5005,Mapfre Generales Colombia,
CO,co_raw_solvencia,13-26,Mapfre Seguros Generales De Colombia S.A.,1035,Mapfre Generales Colombia,
CO,co_raw_form290,13-27,BOLIVAR (SG),17840,Seguros Comerciales Bolívar,
CO,co_raw_primas,13-27,Seguros Comerciales Bolivar S.A.,5005,Seguros Comerciales Bolívar,
CO,co_raw_gl,13-27,Seguros Comerciales Bolivar S.A.,9245,Seguros Comerciales Bolívar,
CO,co_raw_solvencia,13-27,Seguros Comerciales Bolivar S.A.,637,Seguros Comerciales Bolívar,
CO,co_raw_form290,13-29,ESTADO (SG),14291,Seguros Generales del Estado,
CO,co_raw_primas,13-29,Seguros Del Estado S.A.,5005,Seguros Generales del Estado,
CO,co_raw_gl,13-29,Seguros Del Estado S.A.,8424,Seguros Generales del Estado,
CO,co_raw_solvencia,13-29,Seguros Del Estado S.A.,893,Seguros Generales del Estado,
CO,co_raw_form290,13-30,CESCE (SG),4138,Segurexpo,
CO,co_raw_primas,13-30,Cesce Ó Cesce Colombia,5005,Segurexpo,
CO,co_raw_solvencia,13-30,Cesce Ó Cesce Colombia,597,Segurexpo,
CO,co_raw_gl,13-30,Segurexpo,6139,Segurexpo,
CO,co_raw_form290,13-33,HDI SEGUROS COLOMBIA  S.A. (SG),21759,HDI Generales Colombia,
CO,co_raw_gl,13-33,HDI Seguros Colombia S.A.,7787,HDI Generales Colombia,
CO,co_raw_primas,13-33,Hdi Seguros Colombia S.A.,5005,HDI Generales Colombia,
CO,co_raw_solvencia,13-33,Hdi Seguros Colombia S.A.,980,HDI Generales Colombia,
CO,co_raw_form290,13-41,BBVA (SG),12389,BBVA Generales Colombia,
CO,co_raw_gl,13-41,BBVA Seguros,6287,BBVA Generales Colombia,
CO,co_raw_primas,13-41,Bbva Seguros Colombia S.A.,5005,BBVA Generales Colombia,
CO,co_raw_solvencia,13-41,Bbva Seguros Colombia S.A.,1035,BBVA Generales Colombia,
CO,co_raw_gl,13-42,Solunion S.A.,4716,Solunion Colombia,
CO,co_raw_form290,13-42,SOLUNION,2095,Solunion Colombia,
CO,co_raw_primas,13-42,Solunion Colombia Seguros De Crédito S.A.,5005,Solunion Colombia,
CO,co_raw_solvencia,13-42,Solunion Colombia Seguros De Crédito S.A.,667,Solunion Colombia,
CO,co_raw_form290,13-44,CARDIF,8937,Cardif Colombia,
CO,co_raw_primas,13-44,Cardif Colombia Seguros Generales S.A.,5005,Cardif Colombia,
CO,co_raw_gl,13-44,Cardif Colombia Seguros Generales S.A.,7583,Cardif Colombia,
CO,co_raw_solvencia,13-44,Cardif Colombia Seguros Generales S.A.,715,Cardif Colombia,
CO,co_raw_form290,13-45,LIBERTY SEGUROS COLOMBIA,2131,Liberty Colombia,
CO,co_raw_gl,13-45,Liberty Seguros Colombia,5192,Liberty Colombia,
CO,co_raw_primas,13-45,"Liberty Seguros"" Y ""Liberty Seguros Colombia"".",5005,Liberty Colombia,
CO,co_raw_solvencia,13-45,"Liberty Seguros"" Y ""Liberty Seguros Colombia"".",609,Liberty Colombia,
CO,co_raw_form290,13-46,COFACE,2041,Coface Colombia,
CO,co_raw_primas,13-46,Coface Colombia Seguros De Crédito S.A.,5005,Coface Colombia,
CO,co_raw_gl,13-46,Coface Colombia Seguros De Crédito S.A.,4382,Coface Colombia,
CO,co_raw_solvencia,13-46,Coface Colombia Seguros De Crédito S.A.,685,Coface Colombia,
CO,co_raw_form290,13-47,BERKLEY,4696,Berkley Colombia,
CO,co_raw_primas,13-47,Berkley Colombia,5005,Berkley Colombia,
CO,co_raw_gl,13-47,Berkley Colombia,5002,Berkley Colombia,
CO,co_raw_solvencia,13-47,Berkley Colombia,665,Berkley Colombia,
CO,co_raw_form290,13-50,COLMENA (SG),4067,Colmena Seguros Generales,
CO,co_raw_primas,13-50,Colmena Seguros Generales,5005,Colmena Seguros Generales,
CO,co_raw_gl,13-50,Colmena Seguros Generales,7162,Colmena Seguros Generales,
CO,co_raw_solvencia,13-50,Colmena Seguros Generales,344,Colmena Seguros Generales,
CO,co_raw_form290,13-51,EVEREST,1047,Everest Colombia,
CO,co_raw_gl,13-51,EVEREST COMPAÑIA DE SEGUROS GENERALES COLOMBIA S.A.,1219,Everest Colombia,
CO,co_raw_primas,13-51,Everest Seguros Colombia,2145,Everest Colombia,
CO,co_raw_solvencia,13-51,Everest Seguros Colombia,168,Everest Colombia,
CO,co_raw_form290,13-52,QUALITAS,196,Quálitas Colombia,
CO,co_raw_gl,13-52,QUÁLITAS COMPAÑÍA DE SEGUROS COLOMBIA S.A.,806,Quálitas Colombia,
CO,co_raw_primas,13-52,Quálitas Compañía De Seguros Colombia S.A.,1859,Quálitas Colombia,
CO,co_raw_solvencia,13-52,Quálitas Compañía De Seguros Colombia S.A.,109,Quálitas Colombia,
CO,co_raw_form290,14-01,ALLIANZ (SV),5843,Allianz Vida Colombia,
CO,co_raw_primas,14-01,Allianz Seguros De Vida S.A.,5005,Allianz Vida Colombia,
CO,co_raw_gl,14-01,Allianz Seguros De Vida S.A.,7632,Allianz Vida Colombia,
CO,co_raw_solvencia,14-01,Allianz Seguros De Vida S.A.,585,Allianz Vida Colombia,
CO,co_raw_form290,14-04,AXA (SV),6855,AXA Vida,
CO,co_raw_primas,14-04,Axa Colpatria Seguros De Vida  S.A.,5005,AXA Vida,
CO,co_raw_gl,14-04,Axa Colpatria Seguros De Vida  S.A.,8758,AXA Vida,
CO,co_raw_solvencia,14-04,Axa Colpatria Seguros De Vida  S.A.,646,AXA Vida,
CO,co_raw_form290,14-07,BOLIVAR (SV),6747,Seguros Bolívar Vida,
CO,co_raw_primas,14-07,Compañía De Seguros Bolivar S.A.,5005,Seguros Bolívar Vida,
CO,co_raw_solvencia,14-07,Compañía De Seguros Bolivar S.A.,520,Seguros Bolívar Vida,
CO,co_raw_gl,14-07,Seguros Bolivar S.A.,10328,Seguros Bolívar Vida,
CO,co_raw_form290,14-08,AURORA,4417,Aurora Colombia,
CO,co_raw_primas,14-08,Compañia De Seguros De Vida Aurora S.A.,5005,Aurora Colombia,
CO,co_raw_gl,14-08,Compañia De Seguros De Vida Aurora S.A.,6594,Aurora Colombia,
CO,co_raw_solvencia,14-08,Compañia De Seguros De Vida Aurora S.A.,520,Aurora Colombia,
CO,co_raw_form290,14-09,SKANDIA CIA,1744,Skandia Colombia,
CO,co_raw_primas,14-09,Skandia Seguros De Vida S.A.,5005,Skandia Colombia,
CO,co_raw_gl,14-09,Skandia Seguros De Vida S.A.,6038,Skandia Colombia,
CO,co_raw_solvencia,14-09,Skandia Seguros De Vida S.A.,520,Skandia Colombia,
CO,co_raw_gl,14-10,HDI Vida,1717,HDI Vida Colombia,
CO,co_raw_solvencia,14-10,Hdi Vida,260,HDI Vida Colombia,
CO,co_raw_form290,14-11,SURA (SV),11066,Sura Vida Colombia,
CO,co_raw_primas,14-11,Seguros De Vida Sura,5005,Sura Vida Colombia,
CO,co_raw_gl,14-11,Seguros De Vida Sura,10549,Sura Vida Colombia,
CO,co_raw_solvencia,14-11,Seguros De Vida Sura,542,Sura Vida Colombia,
CO,co_raw_form290,14-13,METLIFE,6006,MetLife Colombia,
CO,co_raw_gl,14-13,Metlife Colombia S.A,6339,MetLife Colombia,
CO,co_raw_primas,14-13,Metlife Colombia Seguros De Vida S.A.,5005,MetLife Colombia,
CO,co_raw_solvencia,14-13,Metlife Colombia Seguros De Vida S.A.,975,MetLife Colombia,
CO,co_raw_form290,14-16,PAN AMERICAN,3089,Pan American Life Colombia,
CO,co_raw_primas,14-16,Pan American Life De Colombia Compañía De Seguros S.A.,5005,Pan American Life Colombia,
CO,co_raw_gl,14-16,Pan American Life De Colombia Compañía De Seguros S.A.,5745,Pan American Life Colombia,
CO,co_raw_solvencia,14-16,Pan American Life De Colombia Compañía De Seguros S.A.,650,Pan American Life Colombia,
CO,co_raw_gl,14-17,Seguros De Vida Alfa - Vidalfa,8222,Vidalfa,
CO,co_raw_form290,14-17,VIDALFA,6765,Vidalfa,
CO,co_raw_primas,14-17,Vidalfa,5005,Vidalfa,
CO,co_raw_solvencia,14-17,Vidalfa,1034,Vidalfa,
CO,co_raw_form290,14-19,ESTADO (SV),5099,Seguros Vida del Estado,
CO,co_raw_primas,14-19,Seguros De Vida Del Estado S.A.,5005,Seguros Vida del Estado,
CO,co_raw_gl,14-19,Seguros De Vida Del Estado S.A.,6363,Seguros Vida del Estado,
CO,co_raw_solvencia,14-19,Seguros De Vida Del Estado S.A.,862,Seguros Vida del Estado,
CO,co_raw_form290,14-20,GLOBAL,6698,Global Seguros,
CO,co_raw_gl,14-20,Global Seguros,7510,Global Seguros,
CO,co_raw_primas,14-20,Global Seguros De Vida S.A.,5005,Global Seguros,
CO,co_raw_solvencia,14-20,Global Seguros De Vida S.A.,650,Global Seguros,
CO,co_raw_form290,14-23,POSITIVA,8083,Positiva,
CO,co_raw_primas,14-23,Positiva Compañia De Seguros S.A.,5005,Positiva,
CO,co_raw_gl,14-23,Positiva Compañia De Seguros S.A.,8947,Positiva,
CO,co_raw_solvencia,14-23,Positiva Compañia De Seguros S.A.,520,Positiva,
CO,co_raw_form290,14-25,COLMENA,2058,Colmena Seguros Vida,
CO,co_raw_gl,14-25,Colmena Riesgos Laborales,11142,Colmena Seguros Vida,
CO,co_raw_primas,14-25,"Riesgos Laborales Colmena"" O ""Arl Colmena"" O ""Colmena Riesgos Laborales",5005,Colmena Seguros Vida,
CO,co_raw_solvencia,14-25,"Riesgos Laborales Colmena"" O ""Arl Colmena"" O ""Colmena Riesgos Laborales",538,Colmena Seguros Vida,
CO,co_raw_form290,14-26,BBVA (SV),5352,BBVA Seguros Colombia,
CO,co_raw_gl,14-26,BBVA Seguros De Vida,6090,BBVA Seguros Colombia,
CO,co_raw_primas,14-26,Bbva Seguros De Vida Colombia S.A.,5005,BBVA Vida Colombia,
CO,co_raw_solvencia,14-26,Bbva Seguros De Vida Colombia S.A.,1032,BBVA Vida Colombia,
CO,co_raw_form290,14-29,EQUIDAD (SV),3383,La Equidad Seguros Vida,
CO,co_raw_gl,14-29,La Equidad Seguros De Vida,7329,La Equidad Seguros Vida,
CO,co_raw_primas,14-29,La Equidad Seguros De Vida Organismo Cooperativo,5005,La Equidad Seguros Vida,
CO,co_raw_solvencia,14-29,La Equidad Seguros De Vida Organismo Cooperativo,569,La Equidad Seguros Vida,
CO,co_raw_form290,14-30,MAPFRE (SV),7905,Mapfre Vida Colombia,
CO,co_raw_primas,14-30,Mapfre Colombia Vida Seguros S.A.,5005,Mapfre Vida Colombia,
CO,co_raw_gl,14-30,Mapfre Colombia Vida Seguros S.A.,7407,Mapfre Vida Colombia,
CO,co_raw_solvencia,14-30,Mapfre Colombia Vida Seguros S.A.,1040,Mapfre Vida Colombia,
CO,co_raw_form290,14-31,BMI,2821,BMI Colombia,
CO,co_raw_gl,14-31,BMI Colombia,5094,BMI Colombia,
CO,co_raw_primas,14-31,Bmi Colombia S.A.,5005,BMI Colombia,
CO,co_raw_solvencia,14-31,Bmi Colombia S.A.,552,BMI Colombia,
CO,co_raw_form290,14-32,COLMENA (SV),4782,Colmena Seguros Vida,
CO,co_raw_primas,14-32,Colmena Seguros De Vida,5005,Colmena Seguros Vida,
CO,co_raw_solvencia,14-32,Colmena Seguros De Vida,458,Colmena Seguros Vida,
CO,co_raw_gl,14-32,Colmena Seguros de Vida,8902,Colmena Seguros Vida,
CO,co_raw_form290,14-33,COLSANITAS  (SV),1550,Seguros Colsanitas,
CO,co_raw_gl,14-33,Colsanitas Seguros,3772,Seguros Colsanitas,
CO,co_raw_primas,14-33,Seguros Colsanitas,5005,Seguros Colsanitas,
CO,co_raw_solvencia,14-33,Seguros Colsanitas,318,Seguros Colsanitas,
CO,co_raw_form290,14-34,ASULADO (SV),796,Asulado Vida,
CO,co_raw_gl,14-34,ASULADO SEGUROS DE VIDA,2817,Asulado Vida,
CO,co_raw_primas,14-34,Asulado Seguros De Vida S.A.,5005,Asulado Vida,
CO,co_raw_solvencia,14-34,Asulado Seguros De Vida S.A.,267,Asulado Vida,
CO,co_raw_form290,14-35,EKG (SV),122,EKG Seguros de Vida,
CO,co_raw_gl,14-35,EKG Compañía de Seguros de Vida S.A.,654,EKG Seguros de Vida,
CO,co_raw_primas,14-35,Ekg  Aseguradora,1859,EKG Seguros de Vida,
CO,co_raw_solvencia,14-35,Ekg  Aseguradora,122,EKG Seguros de Vida,
CO,co_raw_form290,14-36,ANDINA (SV),208,Andina Vida,
CO,co_raw_gl,14-36,ANDINA VIDA SEGUROS,888,Andina Vida,
CO,co_raw_primas,14-36,Andina Vida Seguros,1859,Andina Vida,
CO,co_raw_solvencia,14-36,Andina Vida Seguros,100,Andina Vida,
CO,co_raw_form290,15-01,EQUIDAD (SG),16742,La Equidad Seguros Generales,
CO,co_raw_primas,15-01,La Equidad Seguros Generales Organismo Cooperativo,5005,La Equidad Seguros Generales,
CO,co_raw_solvencia,15-01,La Equidad Seguros Generales Organismo Cooperativo,661,La Equidad Seguros Generales,
CO,co_raw_form290,15-02,SOLIDARIA,18011,Solidaria Colombia,
CO,co_raw_primas,15-02,Solidaria,5005,Solidaria Colombia,
CO,co_raw_solvencia,15-02,Solidaria,542,Solidaria Colombia,
CR,cr_raw_solvencia,,ASSA,58,ASSA Costa Rica,
CR,cr_raw_financials,,ASSA,9180,ASSA Costa Rica,
CR,cr_raw_cuenta_tecnica,,ASSA,12697,ASSA Costa Rica,
CR,cr_raw_inversiones,,ASSA,472,ASSA Costa Rica,
CR,cr_raw_solvencia,,BMI,56,BMI Costa Rica,
CR,cr_raw_financials,,BMI,6680,BMI Costa Rica,
CR,cr_raw_cuenta_tecnica,,BMI,2284,BMI Costa Rica,
CR,cr_raw_inversiones,,BMI,244,BMI Costa Rica,
CR,cr_raw_solvencia,,DAVIVIENDA,58,Davivienda Costa Rica,
CR,cr_raw_financials,,DAVIVIENDA,8436,Davivienda Costa Rica,
CR,cr_raw_cuenta_tecnica,,DAVIVIENDA,5135,Davivienda Costa Rica,
CR,cr_raw_inversiones,,DAVIVIENDA,261,Davivienda Costa Rica,
CR,cr_raw_solvencia,,INS,58,INS,
CR,cr_raw_financials,,INS,16351,INS,
CR,cr_raw_cuenta_tecnica,,INS,19443,INS,
CR,cr_raw_inversiones,,INS,791,INS,
CR,cr_raw_solvencia,,ISCR,58,ISCR,
CR,cr_raw_financials,,ISCR,7562,ISCR,
CR,cr_raw_cuenta_tecnica,,ISCR,8170,ISCR,
CR,cr_raw_inversiones,,ISCR,425,ISCR,
CR,cr_raw_solvencia,,LAFISE,45,LAFISE,
CR,cr_raw_financials,,LAFISE,9090,LAFISE,
CR,cr_raw_cuenta_tecnica,,LAFISE,7594,LAFISE,
CR,cr_raw_inversiones,,LAFISE,386,LAFISE,
CR,cr_raw_solvencia,,MAGIST,58,Magist,
CR,cr_raw_financials,,MAGIST,8658,Magist,
CR,cr_raw_cuenta_tecnica,,MAGIST,2263,Magist,
CR,cr_raw_inversiones,,MAGIST,505,Magist,
CR,cr_raw_solvencia,,MAPFRE,58,Mapfre Costa Rica,
CR,cr_raw_financials,,MAPFRE,7770,Mapfre Costa Rica,
CR,cr_raw_cuenta_tecnica,,MAPFRE,10207,Mapfre Costa Rica,
CR,cr_raw_inversiones,,MAPFRE,244,Mapfre Costa Rica,
CR,cr_raw_solvencia,,MNK,51,MNK,
CR,cr_raw_financials,,MNK,8596,MNK,
CR,cr_raw_cuenta_tecnica,,MNK,7731,MNK,
CR,cr_raw_inversiones,,MNK,440,MNK,
CR,cr_raw_solvencia,,PANAM,58,Pan American Life Costa Rica,
CR,cr_raw_financials,,PANAM,8014,Pan American Life Costa Rica,
CR,cr_raw_cuenta_tecnica,,PANAM,3037,Pan American Life Costa Rica,
CR,cr_raw_inversiones,,PANAM,309,Pan American Life Costa Rica,
CR,cr_raw_solvencia,,QUALITAS,58,Quálitas Costa Rica,
CR,cr_raw_financials,,QUALITAS,7378,Quálitas Costa Rica,
CR,cr_raw_cuenta_tecnica,,QUALITAS,1049,Quálitas Costa Rica,
CR,cr_raw_inversiones,,QUALITAS,359,Quálitas Costa Rica,
CR,cr_raw_solvencia,,SAGICOR,52,Sagicor Costa Rica,
CR,cr_raw_financials,,SAGICOR,7598,Sagicor Costa Rica,
CR,cr_raw_cuenta_tecnica,,SAGICOR,8277,Sagicor Costa Rica,
CR,cr_raw_inversiones,,SAGICOR,442,Sagicor Costa Rica,
CR,cr_raw_solvencia,,TRIPLE-S,41,Triple-S,
CR,cr_raw_financials,,TRIPLE-S,4076,Triple-S,
CR,cr_raw_cuenta_tecnica,,TRIPLE-S,979,Triple-S,
CR,cr_raw_inversiones,,TRIPLE-S,162,Triple-S,
DO,do_raw_financials,,A.P.S.,428,Seguros APS,
DO,do_raw_financials,,ADEMI,592,Seguros Ademi,
DO,do_raw_financials,,APS,422,Seguros APS,
DO,do_raw_financials,,Agrodosa,236,Aseguradora Agropecuaria Dominicana,Same insurer as Aseguradora Agropecuaria Dominicana (Agrodosa is the trade name); collapse to one entity_code.
DO,do_raw_financials,,Amigos Compañia de Seguros,389,Amigos Compañía de Seguros,
DO,do_raw_solvencia,,"Amigos Compañía De Seguros, S. A.",1,Amigos Compañía de Seguros,
DO,do_raw_financials,,Angloamericana,838,Angloamericana,
DO,do_raw_solvencia,,"Angloamericana De Seguros, S. A.",6,Angloamericana,
DO,do_raw_financials,,Angloamericana de Seguros,857,Angloamericana,
DO,do_raw_financials,,"Angloamericana de Seguros, S. A",2455,Angloamericana,
DO,do_raw_financials,,"Angloamericana de Seguros, S.A.",2355,Angloamericana,
DO,do_raw_financials,,Aseg. Agropecuaria Dominicana,238,Aseguradora Agropecuaria Dominicana,
DO,do_raw_financials,,Aseguradora Agropecuaria Domini,1414,Aseguradora Agropecuaria Dominicana,
DO,do_raw_solvencia,,"Aseguradora Agropecuaria Dominicana, S. A.",6,Aseguradora Agropecuaria Dominicana,
DO,do_raw_financials,,Atlantica,567,Atlántica Seguros,
DO,do_raw_financials,,Atlantica Insurance,630,Atlántica Seguros,
DO,do_raw_solvencia,,"Atlántica Seguros, S. A.",5,Atlántica Seguros,
DO,do_raw_financials,,"Atlántica Seguros, S. A.",2446,Atlántica Seguros,
DO,do_raw_financials,,"Atlántica Seguros, S.A.",519,Atlántica Seguros,
DO,do_raw_financials,,Atrio,703,Atrio Seguros,
DO,do_raw_financials,,Atrio Seguros,702,Atrio Seguros,
DO,do_raw_solvencia,,"Atrio Seguros, S. A.",4,Atrio Seguros,
DO,do_raw_financials,,"Atrio Seguros, S. A.",700,Atrio Seguros,
DO,do_raw_financials,,"Atrio Seguros, S.A.",684,Atrio Seguros,
DO,do_raw_financials,,Auto Seguro,228,Autoseguro,
DO,do_raw_financials,,Autoseguro,228,Autoseguro,
DO,do_raw_solvencia,,"Autoseguro, S. A.",3,Autoseguro,
DO,do_raw_financials,,BMI,311,BMI República Dominicana,
DO,do_raw_financials,,BMI Compañia de Seguros,309,BMI República Dominicana,
DO,do_raw_solvencia,,"BMI Compañía De Seguros, S. A.",5,BMI República Dominicana,
DO,do_raw_financials,,"BMI Compañía de Seguros, S. A.",634,BMI República Dominicana,
DO,do_raw_financials,,"BMI Compañía de Seguros, S.A",306,BMI República Dominicana,
DO,do_raw_financials,,"BMI, Compañía de Seguros, S. A.",655,BMI República Dominicana,
DO,do_raw_financials,,Banesco,1454,Banesco Seguros Dominicana,
DO,do_raw_solvencia,,"Banesco Seguros, S. A.",3,Banesco Seguros Dominicana,
DO,do_raw_financials,,"Banesco Seguros, S.A",696,Banesco Seguros Dominicana,
DO,do_raw_financials,,Bupa,218,Bupa Dominicana,
DO,do_raw_financials,,Bupa Dominicana,216,Bupa Dominicana,
DO,do_raw_solvencia,,"Bupa Dominicana, S. A.",6,Bupa Dominicana,
DO,do_raw_financials,,"Bupa Dominicana, S. A.",1060,Bupa Dominicana,
DO,do_raw_financials,,"Bupa Dominicana, S.A.",217,Bupa Dominicana,
DO,do_raw_financials,,Compañia Dominicana de Seguros,580,Compañía Dominicana de Seguros,
DO,do_raw_solvencia,,"Compañía Dominicana De Seguros, S. R. L.",3,Compañía Dominicana de Seguros,
DO,do_raw_financials,,Compañía Dominicana de Seguros,1596,Compañía Dominicana de Seguros,
DO,do_raw_financials,,"Compañía Dominicana de Seguros,",1781,Compañía Dominicana de Seguros,
DO,do_raw_financials,,Confederacion del Canada,591,Confederación del Canadá Dominicana,
DO,do_raw_solvencia,,"Confederación Del Canada Dominicana, S. A.",2,Confederación del Canadá Dominicana,
DO,do_raw_financials,,Confederación del Canadá Domini,2559,Confederación del Canadá Dominicana,
DO,do_raw_solvencia,,"Confederación del Canadá Dominicana, S. A.",2,Confederación del Canadá Dominicana,
DO,do_raw_financials,,Confedom,580,Confederación del Canadá Dominicana,
DO,do_raw_financials,,Cooperativa Nacional de Seguros,3559,Cooperativa Nacional de Seguros,
DO,do_raw_solvencia,,"Cooperativa Nacional de Seguros, INC.",6,Cooperativa Nacional de Seguros,
DO,do_raw_financials,,Coopseguros,498,Cooperativa Nacional de Seguros,
DO,do_raw_solvencia,,"Creciendo Seguros, S. A.",2,Creciendo Seguros,
DO,do_raw_financials,,"Creciendo Seguros, S. A.",3279,Creciendo Seguros,
DO,do_raw_financials,,Cuna,202,Cuna Mutual (TruStage),
DO,do_raw_financials,,Cuna Mutual,203,Cuna Mutual (TruStage),
DO,do_raw_financials,,Cuna Mutual Insurance Society D,990,Cuna Mutual (TruStage),
DO,do_raw_solvencia,,"Cuna Mutual Insurance Society Dominicana, S. A.",5,Cuna Mutual (TruStage),
DO,do_raw_solvencia,,"Cuna Mutual Insurance Society Dominicana, S. A. (TRUSTAGE)",1,Cuna Mutual (TruStage),
DO,do_raw_financials,,Cuna Mutual Insurance(Trustage),198,Cuna Mutual (TruStage),
DO,do_raw_financials,,Cía Dominicana de Seguros,606,Compañía Dominicana de Seguros,
DO,do_raw_solvencia,,"Dominicana Compañía de Seguros, S. A.",1,Compañía Dominicana de Seguros,
DO,do_raw_solvencia,,"Dominicana Compañía de Seguros, S. R. L.",2,Compañía Dominicana de Seguros,
DO,do_raw_financials,,Futuro Seguros,390,Futuro Seguros,
DO,do_raw_solvencia,,"Futuro Seguros, S. A.",3,Futuro Seguros,
DO,do_raw_financials,,"Futuro Seguros, S. A.",2091,Futuro Seguros,
DO,do_raw_solvencia,,"Futuro Seguros, S.A.",2,Futuro Seguros,
DO,do_raw_financials,,"Futuro Seguros, S.A.",388,Futuro Seguros,
DO,do_raw_financials,,General de Seguros,1919,General de Seguros Dominicana,
DO,do_raw_solvencia,,"General de Seguros, S. A.",6,General de Seguros Dominicana,
DO,do_raw_financials,,"General de Seguros, S. A.",4263,General de Seguros Dominicana,
DO,do_raw_financials,,"General de Seguros, S.A.",954,General de Seguros Dominicana,
DO,do_raw_financials,,HUMANO SEGUROS,742,Humano Seguros,
DO,do_raw_financials,,HYLSEG,236,Hylseg,
DO,do_raw_solvencia,,"HYLSEG Seguros, S. A.",6,Hylseg,
DO,do_raw_financials,,Humano,886,Humano Seguros,
DO,do_raw_solvencia,,"Humano Seguros, S. A.",6,Humano Seguros,
DO,do_raw_financials,,"Humano Seguros, S. A.",4522,Humano Seguros,
DO,do_raw_financials,,"Humano Seguros, S.A.",918,Humano Seguros,
DO,do_raw_financials,,"Hylseg Seguros, S. A.",1056,HYLSEG,
DO,do_raw_financials,,"Hylseg Seguros, S.A",172,HYLSEG,
DO,do_raw_financials,,La Colonial,2827,La Colonial,
DO,do_raw_financials,,La Colonial Compañía de Seguros,1835,La Colonial,
DO,do_raw_financials,,"La Colonial, Compañía de Seguro",2825,La Colonial,
DO,do_raw_solvencia,,"La Colonial, Compañía de Seguros, S. A.",3,La Colonial,
DO,do_raw_solvencia,,"La Colonial, S. A.",3,La Colonial,
DO,do_raw_financials,,La Internacional,298,Seguros La Internacional,
DO,do_raw_financials,,La Monumental,586,La Monumental de Seguros,
DO,do_raw_financials,,La Monumental de Seguros,578,La Monumental de Seguros,
DO,do_raw_solvencia,,"La Monumental de Seguros, S. A.",6,La Monumental de Seguros,
DO,do_raw_financials,,"La Monumental de Seguros, S. A.",3047,La Monumental de Seguros,
DO,do_raw_financials,,"MAPFRE BHD, Compañía de Seguros",989,Mapfre República Dominicana,
DO,do_raw_solvencia,,"MAPFRE BHD, Compañía de Seguros, S. A.",1,Mapfre República Dominicana,
DO,do_raw_financials,,Mapfre,1025,Mapfre República Dominicana,
DO,do_raw_financials,,Mapfre BHD Comp. de Seguros,989,Mapfre República Dominicana,
DO,do_raw_financials,,"Mapfre BHD Compañia de Seguros,",1030,Mapfre República Dominicana,
DO,do_raw_financials,,"Mapfre BHD Compañía de Seguros,",3951,Mapfre República Dominicana,
DO,do_raw_solvencia,,"Mapfre BHD Compañía de Seguros, S. A.",5,Mapfre República Dominicana,
DO,do_raw_financials,,Midas,435,Midas Seguros,
DO,do_raw_solvencia,,"Midas Seguros, S. A.",5,Midas Seguros,
DO,do_raw_financials,,"Midas Seguros, S. A.",1652,Midas Seguros,
DO,do_raw_financials,,"Midas Seguros, S.A",308,Midas Seguros,
DO,do_raw_financials,,Multiseguros,1193,Multiseguros,
DO,do_raw_solvencia,,"Multiseguros S.U, S. A.",5,Multiseguros,
DO,do_raw_financials,,"Multiseguros SU, S. A.",3150,Multiseguros,
DO,do_raw_financials,,"Multiseguros SU, S.A",644,Multiseguros,
DO,do_raw_solvencia,,"One Alliance Seguros, S. A.",2,One Alliance Seguros,
DO,do_raw_financials,,"One Alliance Seguros, S. A.",2941,One Alliance Seguros,
DO,do_raw_financials,,Patria,1040,Patria Seguros,
DO,do_raw_solvencia,,"Patria , S. A., Compañía de Seguros",1,Patria Seguros,
DO,do_raw_solvencia,,"Patria , S. A., Compañía de Seguros.",3,Patria Seguros,
DO,do_raw_financials,,"Patria Compañía de Seguros, S.A",1346,Patria Seguros,
DO,do_raw_solvencia,,"Patria, Compañía de Seguros, S. A.",1,Patria Seguros,
DO,do_raw_solvencia,,"Patria, S. A., Compañía de Seguros",1,Patria Seguros,
DO,do_raw_financials,,"Patria, S. A., Compañía de Sgro",1392,Patria Seguros,
DO,do_raw_financials,,Pepin,585,Seguros Pepín,
DO,do_raw_financials,,REHSA,640,REHSA,
DO,do_raw_solvencia,,"REHSA Compañía de Seguros y Reaseguros, S. A.",5,Rehsa,
DO,do_raw_financials,,"REHSA, Compañía de Seguros y Re",3679,REHSA,
DO,do_raw_solvencia,,"REHSA, Compañía de Seguros y Reaseguros, S. A.",1,REHSA,
DO,do_raw_financials,,Reasanto,496,Reaseguradora Santo Domingo,
DO,do_raw_financials,,Reaseguradora Santo Domingo,506,Reaseguradora Santo Domingo,
DO,do_raw_financials,,"Reaseguradora Santo Domingo, S.",499,Reaseguradora Santo Domingo,
DO,do_raw_solvencia,,"Reaseguradora Santo Domingo, S. A.",3,Reaseguradora Santo Domingo,
DO,do_raw_solvencia,,"Reaseguradora Santo Domingo, S. A. (Reasanto)",3,Reaseguradora Santo Domingo,
DO,do_raw_financials,,"Reaseguradora Santo Domingo,S.A",2248,Reaseguradora Santo Domingo,
DO,do_raw_financials,,Rehsa Comp. de Seg. y Reaseg.,649,REHSA,
DO,do_raw_financials,,Reservas,1060,Seguros Reservas,
DO,do_raw_solvencia,,"Seguros APS, S. A.",3,Seguros APS,
DO,do_raw_financials,,"Seguros APS, S. A.",1736,Seguros APS,
DO,do_raw_solvencia,,"Seguros APS, S. R. L.",3,Seguros APS,
DO,do_raw_financials,,"Seguros APS, S. R. L.",431,Seguros APS,
DO,do_raw_financials,,"Seguros APS, S.A",422,Seguros APS,
DO,do_raw_financials,,Seguros Ademi,628,Seguros Ademi,
DO,do_raw_financials,,"Seguros Ademi, S. A",618,Seguros Ademi,
DO,do_raw_solvencia,,"Seguros Ademi, S. A.",6,Seguros Ademi,
DO,do_raw_financials,,"Seguros Ademi, S. A.",2869,Seguros Ademi,
DO,do_raw_financials,,Seguros Crecer,884,Seguros Crecer,
DO,do_raw_solvencia,,"Seguros Crecer, S. A.",5,Seguros Crecer,
DO,do_raw_financials,,"Seguros Crecer, S. A.",4157,Seguros Crecer,
DO,do_raw_financials,,"Seguros Crecer, S.A.",631,Seguros Crecer,
DO,do_raw_financials,,Seguros La Internacional,296,Seguros La Internacional,
DO,do_raw_solvencia,,"Seguros La Internacional, S. A.",6,Seguros La Internacional,
DO,do_raw_financials,,"Seguros La Internacional, S. A.",1406,Seguros La Internacional,
DO,do_raw_financials,,"Seguros La Internacional, S.A.",299,Seguros La Internacional,
DO,do_raw_financials,,Seguros Pepin,586,Seguros Pepín,
DO,do_raw_financials,,"Seguros Pepin, S.A",587,Seguros Pepín,
DO,do_raw_solvencia,,"Seguros Pepín, S. A.",6,Seguros Pepín,
DO,do_raw_financials,,"Seguros Pepín, S. A.",2757,Seguros Pepín,
DO,do_raw_financials,,Seguros Reservas,1039,Seguros Reservas,
DO,do_raw_solvencia,,"Seguros Reservas, S. A.",6,Seguros Reservas,
DO,do_raw_financials,,"Seguros Reservas, S. A.",5412,Seguros Reservas,
DO,do_raw_financials,,"Seguros Reservas, S.A",1077,Seguros Reservas,
DO,do_raw_solvencia,,"Seguros Sura, S. A.",6,Sura República Dominicana,
DO,do_raw_financials,,"Seguros Sura, S. A.",5263,Sura República Dominicana,
DO,do_raw_financials,,"Seguros Sura, S.A",1031,Sura República Dominicana,
DO,do_raw_financials,,Seguros Universal,874,Seguros Universal,
DO,do_raw_solvencia,,"Seguros Universal, S. A.",6,Seguros Universal,
DO,do_raw_financials,,"Seguros Universal, S. A.",4361,Seguros Universal,
DO,do_raw_financials,,"Seguros Universal, S.A",872,Seguros Universal,
DO,do_raw_financials,,Seguros Worldwide,313,Worldwide Seguros Dominicana,
DO,do_raw_financials,,Seguros Yunen,126,Seguros Yunén,
DO,do_raw_financials,,"Seguros Yunen, S.A",222,Seguros Yunén,
DO,do_raw_solvencia,,"Seguros Yunen, S.A.",2,Seguros Yunén,
DO,do_raw_financials,,"Seguros Yunén, S. A.",1056,Seguros Yunén,
DO,do_raw_solvencia,,"Seguros Yunén, S.A.",3,Seguros Yunén,
DO,do_raw_financials,,Sura,2050,Sura República Dominicana,
DO,do_raw_financials,,UNIT,274,Unit,
DO,do_raw_solvencia,,"Unit, S. A.",6,Unit,
DO,do_raw_financials,,"Unit, S. A.",1675,Unit,
DO,do_raw_financials,,Universal,869,Seguros Universal,
DO,do_raw_financials,,Worldwide,315,Worldwide Seguros Dominicana,
DO,do_raw_solvencia,,"Worldwide Seguros, S. A.",6,Worldwide Seguros Dominicana,
DO,do_raw_financials,,"Worldwide Seguros, S. A.",1965,Worldwide Seguros Dominicana,
EC,ec_raw_financials,,AIG METROPOLITANA,3351,AIG Metropolitana,
EC,ec_raw_primas,1078,AIG METROPOLITANA CIA. DE SEGUROS Y REASEGUROS S.A.,3192,AIG Metropolitana,
EC,ec_raw_primas,4351,AMA AMERICA S.A. EMPRESA DE SEGUROS,3192,AMA America,
EC,ec_raw_financials,,AMA AMERICA S.A. EMPRESA DE SEGUROS,1713,AMA America,
EC,ec_raw_financials,,ASEGURADORA DEL SUR,2946,Aseguradora del Sur Ecuador,
EC,ec_raw_primas,1080,ASEGURADORA DEL SUR C.A.,3192,Aseguradora del Sur Ecuador,
EC,ec_raw_financials,,BMI,1909,BMI Ecuador,
EC,ec_raw_primas,1082,BMI DEL ECUADOR COMPAÑIA DE SEGUROS DE VIDA S.A.,3192,BMI Ecuador,
EC,ec_raw_primas,1430,BUPA ECUADOR S.A. COMPAÑÍA DE SEGUROS,3192,Bupa Ecuador,
EC,ec_raw_financials,,BUPA ECUADOR S.A. COMPAÑÍA DE SEGUROS,1444,Bupa Ecuador,
EC,ec_raw_primas,1077,CHUBB SEGUROS ECUADOR S.A.,3192,Chubb Ecuador,
EC,ec_raw_financials,,CHUBB SEGUROS ECUADOR S.A.,3425,Chubb Ecuador,
EC,ec_raw_financials,,COFACE S.A.,1536,Coface Ecuador,
EC,ec_raw_financials,,COLON,1845,Seguros Colón,
EC,ec_raw_primas,1088,COMPAÑIA DE SEGUROS CONDOR S.A.,3192,Cóndor Seguros,
EC,ec_raw_primas,1093,COMPAÑIA DE SEGUROS ECUATORIANO SUIZA S.A.,3192,Ecuatoriano Suiza,
EC,ec_raw_primas,3851,COMPAÑIA FRANCESA DE SEGUROS PARA EL COMERCIO EXTERIOR COFACE SUCURSAL ECUADOR S.A.,3192,Coface Ecuador,
EC,ec_raw_financials,,CONDOR,3302,Cóndor Seguros,
EC,ec_raw_primas,1103,CONSTITUCION C.A. COMPAÑIA DE SEGUROS,3192,Constitución,
EC,ec_raw_financials,,CONSTITUCION C.A. COMPAÑIA DE SEGUROS,2973,Constitución,
EC,ec_raw_financials,,ECUATORIANO SUIZA,3762,Ecuatoriano Suiza,
EC,ec_raw_financials,,EQUINOCCIAL,3789,Equisuiza,renamed ~2023; GL 2023-12 PRIME total equals ranking-CSV Equisuiza total to the cent (#217)
EC,ec_raw_financials,,EQUISUIZA SEGUROS S.A.,,Equisuiza,post-rename GL name (forward-proofing)
EC,ec_raw_primas,1095,EQUISUIZA SEGUROS S.A.,3192,Equisuiza,
EC,ec_raw_financials,,EQUIVIDA COMPAÑIA DE SEGUROS S.A.,539,Equivida,
EC,ec_raw_financials,,GENERALI,3316,Generali Ecuador,
EC,ec_raw_primas,1101,GENERALI ECUADOR COMPAÑIA DE SEGUROS S.A.,3192,Generali Ecuador,
EC,ec_raw_financials,,HDI-SEGUROS S.A.,425,HDI Ecuador,
EC,ec_raw_financials,,HISPANA,1328,Hispana,
EC,ec_raw_primas,1098,HISPANA DE SEGUROS Y REASEGUROS S.A.,3192,Hispana,
EC,ec_raw_financials,,HISPANA DE SEGUROS Y REASEGUROS S.A.,2252,Hispana,
EC,ec_raw_primas,1100,INTEROCEANICA C.A. DE SEGUROS.,3192,Interocéanica,
EC,ec_raw_financials,,INTEROCEANICA C.A. DE SEGUROS.,3506,Interocéanica,
EC,ec_raw_financials,,LA UNION,381,La Unión Ecuador,
EC,ec_raw_primas,1102,LA UNION COMPAÑIA NACIONAL DE SEGUROS S.A.,3192,La Unión Ecuador,
EC,ec_raw_financials,,LA UNIÓN,2703,La Unión Ecuador,
EC,ec_raw_primas,1115,LATINA SEGUROS C.A.,3192,Latina Seguros,
EC,ec_raw_financials,,LATINA SEGUROS C.A.,3578,Latina Seguros,
EC,ec_raw_financials,,LIBERTY SEGUROS S.A.,2600,Atlántida Ecuador,renamed after Grupo Atlántida acquisition; GL 2023-12 PRIME total equals ranking-CSV Atlántida total to the cent (#217)
EC,ec_raw_financials,,MAPFRE ATLAS,1317,Mapfre Ecuador,
EC,ec_raw_primas,1081,MAPFRE ECUADOR COMPAÑÍA DE SEGUROS S.A.,3192,Mapfre Ecuador,
EC,ec_raw_financials,,MAPFRE ECUADOR COMPAÑÍA DE SEGUROS S.A.,2213,Mapfre Ecuador,
EC,ec_raw_financials,,ORIENTE SEGUROS S.A.,1027,Oriente Seguros,
EC,ec_raw_primas,1105,ORIENTE SEGUROS S.A. EN LIQUIDACIÓN,3192,Oriente Seguros,
EC,ec_raw_financials,,ORIENTE SEGUROS S.A. EN LIQUIDACIÓN,236,Oriente Seguros,
EC,ec_raw_primas,4401,PAN AMERICAN LIFE DE ECUADOR COMPAÑIA DE SEGUROS S.A.,3192,Pan American Life Ecuador,
EC,ec_raw_financials,,PAN AMERICAN LIFE DE ECUADOR COMPAÑIA DE SEGUROS S.A.,1877,Pan American Life Ecuador,
EC,ec_raw_financials,,PICHINCHA,3298,Seguros del Pichincha,
EC,ec_raw_primas,1079,SEGUROS ALIANZA S.A.,3192,Seguros Alianza,
EC,ec_raw_financials,,SEGUROS ALIANZA S.A.,3080,Seguros Alianza,
EC,ec_raw_primas,1107,SEGUROS ATLÁNTIDA SEGURATLANTIDA S.A.,3192,Atlántida Ecuador,
EC,ec_raw_financials,,SEGUROS ATLÁNTIDA SEGURATLANTIDA S.A.,414,Atlántida Ecuador,
EC,ec_raw_primas,1085,SEGUROS COLON S.A.,3192,Seguros Colón,
EC,ec_raw_primas,1089,SEGUROS CONFIANZA S.A.,3192,Seguros Confianza Ecuador,
EC,ec_raw_financials,,SEGUROS CONFIANZA S.A.,1904,Seguros Confianza Ecuador,
EC,ec_raw_primas,1092,SEGUROS DEL PICHINCHA S.A. COMPAÑIA DE SEGUROS Y REASEGUROS,3192,Seguros del Pichincha,
EC,ec_raw_financials,,SEGUROS SUCRE S.A.,889,Seguros Sucre,
EC,ec_raw_primas,1116,SEGUROS UNIDOS S.A.,3192,Seguros Unidos,
EC,ec_raw_financials,,SWEADEN COMPAÑIA DE SEGUROS S.A.,3074,Sweaden,
EC,ec_raw_primas,3655,SWEADEN COMPAÑÍA DE SEGUROS S.A.,3192,Sweaden,
EC,ec_raw_financials,,UNIDOS,3371,Seguros Unidos,
EC,ec_raw_primas,2123,VAZSEGUROS S.A. COMPAÑÍA DE SEGUROS,3192,Vazseguros,
EC,ec_raw_financials,,VAZSEGUROS S.A. COMPAÑÍA DE SEGUROS,2964,Vazseguros,
EC,ec_raw_primas,1086,ZURICH SEGUROS ECUADOR S.A.,3192,Zurich Ecuador,
EC,ec_raw_financials,,ZURICH SEGUROS ECUADOR S.A.,3280,Zurich Ecuador,
GT,gt_raw_gl,,AGROMERCANTIL,848,Agromercantil,
GT,gt_raw_gl,,ASEG-FIDELIS,848,Fidelis,
GT,gt_raw_gl,,ASRURAL,848,Asrural,
GT,gt_raw_gl,,ASSA,848,ASSA Guatemala,
GT,gt_raw_gl,,BMI-SEGUROS,848,BMI Guatemala,
GT,gt_raw_gl,,BUPA,848,Bupa Guatemala,
GT,gt_raw_gl,,CEIBA,848,Ceiba,
GT,gt_raw_gl,,CHN,848,CHN,
GT,gt_raw_gl,,CHN CAUCIÓN,848,CHN Caución,
GT,gt_raw_gl,,COLUMNA,848,Columna,
GT,gt_raw_gl,,CONFIANZA,848,Confianza Guatemala,
GT,gt_raw_gl,,CONFÍO,530,Confío,
GT,gt_raw_gl,,DE LA NACION,848,De la Nación,
GT,gt_raw_gl,,FICOHSA SEGUROS,848,Ficohsa Seguros,
GT,gt_raw_gl,,G & T,848,G&T Seguros,
GT,gt_raw_gl,,G & T CAUCIÓN,424,G&T Seguros,
GT,gt_raw_gl,,GENERAL,848,General de Seguros Guatemala,
GT,gt_raw_gl,,GUATE CAUCIÓN,848,Guatemateca Caución,
GT,gt_raw_gl,,GUATEMALTECA,848,Guatemalteca,
GT,gt_raw_gl,,MAPFRE,848,Mapfre Guatemala,
GT,gt_raw_gl,,PAN-AMERICAN,848,Pan American Life Guatemala,
GT,gt_raw_gl,,PRIVANZA,848,Privanza,
GT,gt_raw_gl,,ROBLE,848,Roble,
GT,gt_raw_gl,,ROBLE CAUCIÓN,848,Roble Caución,
GT,gt_raw_gl,,SISA SEGUROS,318,SISA Guatemala,
GT,gt_raw_gl,,SOLIDARIA,848,Solidaria Guatemala,
GT,gt_raw_gl,,SOLIDUM,848,Solidum,
GT,gt_raw_gl,,TRABAJADORES,848,Trabajadores,
GT,gt_raw_gl,,UNIVERSALES,848,Universales,
PA,pa_raw_balance,,"22 SAGICOR PANAMÁ, S.A.",40,Sagicor Panamá,
PA,pa_raw_balance,,"23 SAGICOR PANAMÁ, S.A.",16,Sagicor Panamá,
PA,pa_raw_balance,,"ACERTA COMPAÑIA DE SEGUROS, S.A.",64,Acerta,
PA,pa_raw_solvencia,,"ACERTA COMPAÑÍA DE SEGUROS, S.A",16,Acerta,
PA,pa_raw_balance,,"ACERTA COMPAÑÍA DE SEGUROS, S.A.",336,Acerta,
PA,pa_raw_solvencia,,"ACERTA COMPAÑÍA DE SEGUROS, S.A.",8,Acerta,
PA,pa_raw_rt,,"ACERTA COMPAÑÍA DE SEGUROS, S.A.",6,Acerta,
PA,pa_raw_primas,,ACERTA SEGUROS,96,Acerta,
PA,pa_raw_siniestros,,ACERTA SEGUROS,93,Acerta,
PA,pa_raw_primas,,ALIADO SEGUROS,96,Aliado Seguros,
PA,pa_raw_siniestros,,ALIADO SEGUROS,93,Aliado Seguros,
PA,pa_raw_balance,,"ALIADO SEGUROS, S. A.",64,Aliado Seguros,
PA,pa_raw_solvencia,,"ALIADO SEGUROS, S.A",12,Aliado Seguros,
PA,pa_raw_rt,,"ALIADO SEGUROS, S.A",6,Aliado Seguros,
PA,pa_raw_balance,,"ALIADO SEGUROS, S.A.",336,Aliado Seguros,
PA,pa_raw_solvencia,,"ALIADO SEGUROS, S.A.",12,Aliado Seguros,
PA,pa_raw_balance,,ASEGURADORA ANCON,64,Aseguradora Ancón,
PA,pa_raw_primas,,"ASEGURADORA ANCON, S.A",96,Aseguradora Ancón,
PA,pa_raw_siniestros,,"ASEGURADORA ANCON, S.A",93,Aseguradora Ancón,
PA,pa_raw_solvencia,,"ASEGURADORA ANCON, S.A",8,Aseguradora Ancón,
PA,pa_raw_solvencia,,"ASEGURADORA ANCON, S.A.",8,Aseguradora Ancón,
PA,pa_raw_solvencia,,"ASEGURADORA ANCÓN, S.A",4,Aseguradora Ancón,
PA,pa_raw_balance,,"ASEGURADORA ANCÓN, S.A.",336,Aseguradora Ancón,
PA,pa_raw_solvencia,,"ASEGURADORA ANCÓN, S.A.",4,Aseguradora Ancón,
PA,pa_raw_rt,,"ASEGURADORA ANCÓN, S.A.",6,Aseguradora Ancón,
PA,pa_raw_balance,,"ASEGURADORA GLOBAL, S. A.",64,Aseguradora Global,
PA,pa_raw_primas,,"ASEGURADORA GLOBAL, S.A",96,Aseguradora Global,
PA,pa_raw_siniestros,,"ASEGURADORA GLOBAL, S.A",93,Aseguradora Global,
PA,pa_raw_solvencia,,"ASEGURADORA GLOBAL, S.A",16,Aseguradora Global,
PA,pa_raw_rt,,"ASEGURADORA GLOBAL, S.A",6,Aseguradora Global,
PA,pa_raw_balance,,"ASEGURADORA GLOBAL, S.A.",336,Aseguradora Global,
PA,pa_raw_solvencia,,"ASEGURADORA GLOBAL, S.A.",8,Aseguradora Global,
PA,pa_raw_balance,,ASSA COMPAÑIA DE SEGUROS S.A,64,ASSA Panamá,
PA,pa_raw_primas,,"ASSA COMPAÑÍA DE SEGUROS, S.A",96,ASSA Panamá,
PA,pa_raw_siniestros,,"ASSA COMPAÑÍA DE SEGUROS, S.A",93,ASSA Panamá,
PA,pa_raw_solvencia,,"ASSA COMPAÑÍA DE SEGUROS, S.A",8,ASSA Panamá,
PA,pa_raw_rt,,"ASSA COMPAÑÍA DE SEGUROS, S.A",6,ASSA Panamá,
PA,pa_raw_balance,,"ASSA COMPAÑÍA DE SEGUROS, S.A.",336,ASSA Panamá,
PA,pa_raw_solvencia,,"ASSA COMPAÑÍA DE SEGUROS, S.A.",12,ASSA Panamá,
PA,pa_raw_primas,,"ASSA Compañía de Seguros, S.A.",6,ASSA Panamá,
PA,pa_raw_siniestros,,"ASSA Compañía de Seguros, S.A.",6,ASSA Panamá,
PA,pa_raw_primas,,"Acerta Compañía de Seguros, S.A.",6,Acerta,
PA,pa_raw_siniestros,,"Acerta Compañía de Seguros, S.A.",6,Acerta,
PA,pa_raw_primas,,"Aliado Seguros, S.A.",6,Aliado Seguros,
PA,pa_raw_siniestros,,"Aliado Seguros, S.A.",6,Aliado Seguros,
PA,pa_raw_primas,,"Aseguradora Ancon, S.A.",6,Aseguradora Ancón,
PA,pa_raw_siniestros,,"Aseguradora Ancon, S.A.",6,Aseguradora Ancón,
PA,pa_raw_primas,,"Aseguradora Global, S.A.",6,Aseguradora Global,
PA,pa_raw_siniestros,,"Aseguradora Global, S.A.",6,Aseguradora Global,
PA,pa_raw_balance,,"BANESCO SEGUROS, S. A.",64,Banesco Seguros Panamá,
PA,pa_raw_solvencia,,"BANESCO SEGUROS, S.A",16,Banesco Seguros Panamá,
PA,pa_raw_balance,,"BANESCO SEGUROS, S.A.",336,Banesco Seguros Panamá,
PA,pa_raw_solvencia,,"BANESCO SEGUROS, S.A.",8,Banesco Seguros Panamá,
PA,pa_raw_rt,,"BANESCO SEGUROS, S.A.",6,Banesco Seguros Panamá,
PA,pa_raw_balance,,"BUPA PANAMA, S.A",64,Bupa Panamá,
PA,pa_raw_rt,,"BUPA PANAMÁ , S.A",6,Bupa Panamá,
PA,pa_raw_solvencia,,"BUPA PANAMÁ, S.A",16,Bupa Panamá,
PA,pa_raw_primas,,"BUPA PANAMÁ, S.A.",99,Bupa Panamá,
PA,pa_raw_siniestros,,"BUPA PANAMÁ, S.A.",93,Bupa Panamá,
PA,pa_raw_balance,,"BUPA PANAMÁ, S.A.",336,Bupa Panamá,
PA,pa_raw_solvencia,,"BUPA PANAMÁ, S.A.",8,Bupa Panamá,
PA,pa_raw_primas,,BUPA Panamá S.A.,6,Bupa Panamá,
PA,pa_raw_siniestros,,BUPA Panamá S.A.,6,Bupa Panamá,
PA,pa_raw_primas,,"Banesco Seguros, S.A.",102,Banesco Seguros Panamá,
PA,pa_raw_siniestros,,"Banesco Seguros, S.A.",99,Banesco Seguros Panamá,
PA,pa_raw_balance,,CHUBB SEGUROS PANAMA S. A.,64,Chubb Panamá,
PA,pa_raw_primas,,"CHUBB SEGUROS PANAMA, S.A.",96,Chubb Panamá,
PA,pa_raw_siniestros,,"CHUBB SEGUROS PANAMA, S.A.",93,Chubb Panamá,
PA,pa_raw_rt,,"CHUBB SEGUROS PANAMA, S.A.",6,Chubb Panamá,
PA,pa_raw_balance,,"CHUBB SEGUROS PANAMÁ, S.A.",336,Chubb Panamá,
PA,pa_raw_solvencia,,"CHUBB SEGUROS PANAMÁ,S.A",16,Chubb Panamá,
PA,pa_raw_solvencia,,"CHUBB SEGUROS PANAMÁ,S.A.",8,Chubb Panamá,
PA,pa_raw_primas,,CHUBB Seguros Panamá S. A.,6,Chubb Panamá,
PA,pa_raw_siniestros,,CHUBB Seguros Panamá S. A.,6,Chubb Panamá,
PA,pa_raw_balance,,"COMPAÑIA INTERNACIONAL DE SEGUROS, S.A.",64,Compañía Internacional de Seguros,
PA,pa_raw_primas,,"COMPAÑÍA INTERNACIONAL DE SEGUROS, S.A",96,Compañía Internacional de Seguros,
PA,pa_raw_siniestros,,"COMPAÑÍA INTERNACIONAL DE SEGUROS, S.A",93,Compañía Internacional de Seguros,
PA,pa_raw_balance,,"COMPAÑÍA INTERNACIONAL DE SEGUROS, S.A.",336,Compañía Internacional de Seguros,
PA,pa_raw_rt,,"COMPAÑÍA INTERNACIONAL DE SEGUROS, S.A.",6,Compañía Internacional de Seguros,
PA,pa_raw_primas,,"Compañía Internacional de Seguros, S.A.",6,Compañía Internacional de Seguros,
PA,pa_raw_siniestros,,"Compañía Internacional de Seguros, S.A.",6,Compañía Internacional de Seguros,
PA,pa_raw_solvencia,,"CÍA. INTERNACIONAL DE SEGUROS, S.A",12,Compañía Internacional de Seguros,
PA,pa_raw_solvencia,,"CÍA. INTERNACIONAL DE SEGUROS, S.A.",12,Compañía Internacional de Seguros,
PA,pa_raw_balance,,"GENERAL DE SEGUROS, S. A.",64,General de Seguros Panamá,
PA,pa_raw_solvencia,,"GENERAL DE SEGUROS, S.A",16,General de Seguros Panamá,
PA,pa_raw_balance,,"GENERAL DE SEGUROS, S.A.",336,General de Seguros Panamá,
PA,pa_raw_solvencia,,"GENERAL DE SEGUROS, S.A.",8,General de Seguros Panamá,
PA,pa_raw_rt,,"GENERAL DE SEGUROS, S.A.",6,General de Seguros Panamá,
PA,pa_raw_primas,,"General de Seguros, S.A.",102,General de Seguros Panamá,
PA,pa_raw_siniestros,,"General de Seguros, S.A.",99,General de Seguros Panamá,
PA,pa_raw_solvencia,,INACIONAL DE SEGUROS DE PANAMÁ Y CENTROAMÉRICA,4,Nacional de Seguros de Panamá y Centroamérica,
PA,pa_raw_primas,,"INTERAMERICANA  FIANZAS Y SEGUROS, S.A.",32,Interamericana de Fianzas y Seguros,
PA,pa_raw_siniestros,,"INTERAMERICANA  FIANZAS Y SEGUROS, S.A.",31,Interamericana de Fianzas y Seguros,
PA,pa_raw_primas,,"INTERAMERICANA DE  FIANZAS Y SEGUROS,S.A.",35,Interamericana de Fianzas y Seguros,
PA,pa_raw_siniestros,,"INTERAMERICANA DE  FIANZAS Y SEGUROS,S.A.",31,Interamericana de Fianzas y Seguros,
PA,pa_raw_solvencia,,"INTERAMERICANA DE FIANZAS Y SEGUROS, S.A",20,Interamericana de Fianzas y Seguros,
PA,pa_raw_solvencia,,"INTERAMERICANA DE FIANZAS Y SEGUROS, S.A.",4,Interamericana de Fianzas y Seguros,
PA,pa_raw_primas,,"INTERAMERICANA DE FIANZAS Y SEGUROS, S.A.",38,Interamericana de Fianzas y Seguros,
PA,pa_raw_balance,,"INTERAMERICANA DE FIANZAS Y SEGUROS, S.A.",304,Interamericana de Fianzas y Seguros,
PA,pa_raw_rt,,"INTERAMERICANA DE FIANZAS Y SEGUROS, S.A.",5,Interamericana de Fianzas y Seguros,
PA,pa_raw_solvencia,,"ISEGUROS SURAMERICANA, S.A.",4,Sura Panamá,
PA,pa_raw_siniestros,,"Interamericana de Fianzas y Seguros, S.A.",37,Interamericana de Fianzas y Seguros,
PA,pa_raw_balance,,LA FLORESTA DE SEGUROS Y VIDA,48,La Floresta,
PA,pa_raw_primas,,"LA REGIONAL DE SEGUROS, S.A",100,La Regional de Seguros,
PA,pa_raw_siniestros,,"LA REGIONAL DE SEGUROS, S.A",93,La Regional de Seguros,
PA,pa_raw_solvencia,,"LA REGIONAL DE SEGUROS, S.A",16,La Regional de Seguros,
PA,pa_raw_balance,,"LA REGIONAL DE SEGUROS, S.A.",400,La Regional de Seguros,
PA,pa_raw_solvencia,,"LA REGIONAL DE SEGUROS, S.A.",8,La Regional de Seguros,
PA,pa_raw_rt,,"LA REGIONAL DE SEGUROS, S.A.",6,La Regional de Seguros,
PA,pa_raw_primas,,"La Regional de  Seguros, C.A.",6,La Regional de Seguros,
PA,pa_raw_siniestros,,"La Regional de  Seguros, C.A.",6,La Regional de Seguros,
PA,pa_raw_balance,,"MAPFRE PANAMA, S.A.",64,Mapfre Panamá,
PA,pa_raw_primas,,"MAPFRE PANAMÁ, S.A",96,Mapfre Panamá,
PA,pa_raw_siniestros,,"MAPFRE PANAMÁ, S.A",93,Mapfre Panamá,
PA,pa_raw_solvencia,,"MAPFRE PANAMÁ, S.A",16,Mapfre Panamá,
PA,pa_raw_rt,,"MAPFRE PANAMÁ, S.A",6,Mapfre Panamá,
PA,pa_raw_balance,,"MAPFRE PANAMÁ, S.A.",336,Mapfre Panamá,
PA,pa_raw_solvencia,,"MAPFRE PANAMÁ, S.A.",8,Mapfre Panamá,
PA,pa_raw_primas,,MAPFRE Panamá S.A.,6,Mapfre Panamá,
PA,pa_raw_siniestros,,MAPFRE Panamá S.A.,6,Mapfre Panamá,
PA,pa_raw_solvencia,,"MERCANTIL DE SEGUROS, S.A",12,Mercantil Seguros Panamá,
PA,pa_raw_solvencia,,"MERCANTIL DE SEGUROS, S.A.",4,Mercantil Seguros Panamá,
PA,pa_raw_solvencia,,"MERCANTIL DE SEGUROS, S.A. _ _",4,Mercantil Seguros Panamá,
PA,pa_raw_primas,,"MERCANTIL PANAMÁ SEGUROS, S.A",96,Mercantil Seguros Panamá,
PA,pa_raw_siniestros,,"MERCANTIL PANAMÁ SEGUROS, S.A",93,Mercantil Seguros Panamá,
PA,pa_raw_rt,,"MERCANTIL PANAMÁ SEGUROS, S.A",6,Mercantil Seguros Panamá,
PA,pa_raw_balance,,"MERCANTIL SEGUROS PANAMA, S.A.",64,Mercantil Seguros Panamá,
PA,pa_raw_balance,,"MERCANTIL SEGUROS PANAMÁ, S.A.",336,Mercantil Seguros Panamá,
PA,pa_raw_solvencia,,"MERCANTIL SEGUROS Y REASEGUROS, S.A",4,Mercantil Seguros Panamá,
PA,pa_raw_rt,,MULTIBANK SEGUROS PANAMÁ,6,Multibank Seguros Panamá,
PA,pa_raw_primas,,"MULTIBANK SEGUROS, S.A",96,Multibank Seguros Panamá,
PA,pa_raw_siniestros,,"MULTIBANK SEGUROS, S.A",93,Multibank Seguros Panamá,
PA,pa_raw_solvencia,,"MULTIBANK SEGUROS, S.A",16,Multibank Seguros Panamá,
PA,pa_raw_balance,,"MULTIBANK SEGUROS, S.A.",400,Multibank Seguros Panamá,
PA,pa_raw_solvencia,,"MULTIBANK SEGUROS, S.A.",8,Multibank Seguros Panamá,
PA,pa_raw_primas,,"Mercantil Seguros y Reaseguros, S.A.",6,Mercantil Seguros Panamá,
PA,pa_raw_siniestros,,"Mercantil Seguros y Reaseguros, S.A.",6,Mercantil Seguros Panamá,
PA,pa_raw_primas,,Multibank Seguros Panamá,6,Multibank Seguros Panamá,
PA,pa_raw_siniestros,,Multibank Seguros Panamá,6,Multibank Seguros Panamá,
PA,pa_raw_primas,,NACIONAL DE SEGUROS  DE PANAMÁ Y CENTROAMÉRICA,73,Nacional de Seguros de Panamá y Centroamérica,
PA,pa_raw_siniestros,,NACIONAL DE SEGUROS  DE PANAMÁ Y CENTROAMÉRICA,69,Nacional de Seguros de Panamá y Centroamérica,
PA,pa_raw_balance,,"NACIONAL DE SEGUROS DE PANAMA Y CENTROAMERICA, S.A",64,Nacional de Seguros de Panamá y Centroamérica,
PA,pa_raw_solvencia,,NACIONAL DE SEGUROS DE PANAMÁ Y CENTROAMERICA,4,Nacional de Seguros de Panamá y Centroamérica,
PA,pa_raw_balance,,"NACIONAL DE SEGUROS DE PANAMÁ Y CENTROAMERICA, S.A.",192,Nacional de Seguros de Panamá y Centroamérica,
PA,pa_raw_solvencia,,NACIONAL DE SEGUROS DE PANAMÁ Y CENTROAMÉRICA,4,Nacional de Seguros de Panamá y Centroamérica,
PA,pa_raw_rt,,"NACIONAL DE SEGUROS DE PANAMÁ Y CENTROAMÉRICA, S.A.",3,Nacional de Seguros de Panamá y Centroamérica,
PA,pa_raw_solvencia,,"OPTIMA CIA. DE SEGUROS, S.A",4,Óptima Seguros,
PA,pa_raw_balance,,"OPTIMA COMPAÑIA DE SEGUROS, S.A.",64,Óptima Seguros,
PA,pa_raw_balance,,"OPTIMA COMPAÑÍA DE SEGUROS, S.A.",336,Óptima Seguros,
PA,pa_raw_primas,,"Optima Compañía de Seguros, S.A.",6,Óptima Seguros,
PA,pa_raw_siniestros,,"Optima Compañía de Seguros, S.A.",6,Óptima Seguros,
PA,pa_raw_solvencia,,"PAN AMERICAN LIFE INSURANCE DE PANAMA, S.A.",4,Pan American Life Panamá,
PA,pa_raw_balance,,"PAN AMERICAN LIFE INSURANCE DE PANAMÁ, S. A.",400,Pan American Life Panamá,
PA,pa_raw_primas,,"PAN AMERICAN LIFE INSURANCE DE PANAMÁ, S.A",96,Pan American Life Panamá,
PA,pa_raw_siniestros,,"PAN AMERICAN LIFE INSURANCE DE PANAMÁ, S.A",93,Pan American Life Panamá,
PA,pa_raw_solvencia,,"PAN AMERICAN LIFE INSURANCE DE PANAMÁ, S.A",12,Pan American Life Panamá,
PA,pa_raw_rt,,"PAN AMERICAN LIFE INSURANCE DE PANAMÁ, S.A",6,Pan American Life Panamá,
PA,pa_raw_solvencia,,"PAN AMERICAN LIFE INSURANCE DE PANAMÁ, S.A.",8,Pan American Life Panamá,
PA,pa_raw_primas,,"Pan American Life Insurande de Panamá, S.A.",6,Pan American Life Panamá,
PA,pa_raw_siniestros,,"Pan American Life Insurande de Panamá, S.A.",6,Pan American Life Panamá,
PA,pa_raw_balance,,"SAGICOR PANAMA, S.A.",64,Sagicor Panamá,
PA,pa_raw_rt,,SAGICOR PANAMÁ,1,Sagicor Panamá,
PA,pa_raw_primas,,"SAGICOR PANAMÁ, S.A",96,Sagicor Panamá,
PA,pa_raw_siniestros,,"SAGICOR PANAMÁ, S.A",93,Sagicor Panamá,
PA,pa_raw_solvencia,,"SAGICOR PANAMÁ, S.A",16,Sagicor Panamá,
PA,pa_raw_balance,,"SAGICOR PANAMÁ, S.A.",280,Sagicor Panamá,
PA,pa_raw_solvencia,,"SAGICOR PANAMÁ, S.A.",8,Sagicor Panamá,
PA,pa_raw_rt,,"SAGICOR PANAMÁ, S.A.",5,Sagicor Panamá,
PA,pa_raw_primas,,"SAGICOR Panamá, S. A.",6,Sagicor Panamá,
PA,pa_raw_siniestros,,"SAGICOR Panamá, S. A.",6,Sagicor Panamá,
PA,pa_raw_balance,,"SEGUROS FEDPA, S. A.",64,Seguros FEDPA,
PA,pa_raw_primas,,"SEGUROS FEDPA, S.A",96,Seguros FEDPA,
PA,pa_raw_siniestros,,"SEGUROS FEDPA, S.A",93,Seguros FEDPA,
PA,pa_raw_solvencia,,"SEGUROS FEDPA, S.A",12,Seguros FEDPA,
PA,pa_raw_balance,,"SEGUROS FEDPA, S.A.",336,Seguros FEDPA,
PA,pa_raw_solvencia,,"SEGUROS FEDPA, S.A.",8,Seguros FEDPA,
PA,pa_raw_rt,,"SEGUROS FEDPA, S.A.",6,Seguros FEDPA,
PA,pa_raw_solvencia,,"SEGUROS FEDPA, S.A. _",4,Seguros FEDPA,
PA,pa_raw_primas,,"SEGUROS SURAMERICANA, S.A",96,Sura Panamá,
PA,pa_raw_siniestros,,"SEGUROS SURAMERICANA, S.A",93,Sura Panamá,
PA,pa_raw_solvencia,,"SEGUROS SURAMERICANA, S.A",8,Sura Panamá,
PA,pa_raw_balance,,"SEGUROS SURAMERICANA, S.A.",400,Sura Panamá,
PA,pa_raw_solvencia,,"SEGUROS SURAMERICANA, S.A.",8,Sura Panamá,
PA,pa_raw_rt,,"SEGUROS SURAMERICANA, S.A.",6,Sura Panamá,
PA,pa_raw_solvencia,,"SEGUROS SURAMERICANA, S.A. | =",4,Sura Panamá,
PA,pa_raw_primas,,"Seguros FEDPA, S .A.",6,Seguros FEDPA,
PA,pa_raw_siniestros,,"Seguros FEDPA, S .A.",6,Seguros FEDPA,
PA,pa_raw_primas,,"Seguros Suramericana, S.A.",6,Sura Panamá,
PA,pa_raw_siniestros,,"Seguros Suramericana, S.A.",6,Sura Panamá,
PA,pa_raw_solvencia,,"UNIVIVIR, S.A",4,Vivir Compañía de Seguros,
PA,pa_raw_balance,,"VIVIR COMPAÑIA DE SEGUROS, S.A.",64,Vivir Compañía de Seguros,
PA,pa_raw_rt,,"VIVIR COMPAÑÍA DE SEGUROS , S.A.",6,Vivir Compañía de Seguros,
PA,pa_raw_solvencia,,"VIVIR COMPAÑÍA DE SEGUROS, S.A",12,Vivir Compañía de Seguros,
PA,pa_raw_balance,,"VIVIR COMPAÑÍA DE SEGUROS, S.A.",336,Vivir Compañía de Seguros,
PA,pa_raw_solvencia,,"VIVIR COMPAÑÍA DE SEGUROS, S.A.",8,Vivir Compañía de Seguros,
PA,pa_raw_primas,,"VIVIR COMPAÑÍA DE SEGUROS, SA.",96,Vivir Compañía de Seguros,
PA,pa_raw_siniestros,,"VIVIR COMPAÑÍA DE SEGUROS, SA.",93,Vivir Compañía de Seguros,
PA,pa_raw_primas,,"Vivir Compañía de Seguros, S. A.",6,Vivir Compañía de Seguros,
PA,pa_raw_siniestros,,"Vivir Compañía de Seguros, S. A.",6,Vivir Compañía de Seguros,
PA,pa_raw_balance,,WORLDWIDE MEDICAL ASSURANCE LTD. CORP.,400,Worldwide Medical Assurance,
PA,pa_raw_primas,,"WORLDWIDE MEDICAL ASSURANCE, LTD",96,Worldwide Medical Assurance,
PA,pa_raw_siniestros,,"WORLDWIDE MEDICAL ASSURANCE, LTD",93,Worldwide Medical Assurance,
PA,pa_raw_rt,,"WORLDWIDE MEDICAL ASSURANCE, LTD. CORP.",6,Worldwide Medical Assurance,
PA,pa_raw_solvencia,,"WORLDWIDE MEDICAL ASSURANCE, LTD., CORP",20,Worldwide Medical Assurance,
PA,pa_raw_solvencia,,"WORLDWIDE MEDICAL ASSURANCE, LTD., CORP.",4,Worldwide Medical Assurance,
PA,pa_raw_primas,,Worldwide Medical Assurance,6,Worldwide Medical Assurance,
PA,pa_raw_siniestros,,Worldwide Medical Assurance,6,Worldwide Medical Assurance,
PA,pa_raw_rt,,"ÓPTIMA COMPAÑÍA DE SEGUROS , S.A.",6,Óptima Seguros,
PA,pa_raw_primas,,"ÓPTIMA COMPAÑÍA DE SEGUROS, S.A.",96,Óptima Seguros,
PA,pa_raw_siniestros,,"ÓPTIMA COMPAÑÍA DE SEGUROS, S.A.",93,Óptima Seguros,
PA,pa_raw_solvencia,,"ÓPTIMA CÍA. DE SEGUROS, S.A",12,Óptima Seguros,
PA,pa_raw_solvencia,,"ÓPTIMA CÍA. DE SEGUROS, S.A.",8,Óptima Seguros,
PA,pa_raw_solvencia,,"‘ASSA COMPAÑÍA DE SEGUROS, S.A",4,ASSA Panamá,
PE,pe_raw_bulletin,,AUGUSTAR,119,Augustar Perú,New SBS entity from 12-31-2025 + 03-31-2026 bulletins (added 2026-06-09).
PE,pe_raw_bulletin,,AVLA Perú,542,AVLA Perú,
PE,pe_raw_bulletin,,BNP Paribas Cardif,241,Cardif Perú,
PE,pe_raw_bulletin,,CARDIF,370,Cardif Perú,
PE,pe_raw_bulletin,,CESCE PERÚ,75,Cesce Perú,
PE,pe_raw_bulletin,,CHUBB PERÚ,,Chubb Perú,Header renombrado en boletín 03-31-2026; mismo slug que el canónico — normaliza entity_name (issue #210).
PE,pe_raw_bulletin,,CHUBB SEGUROS,597,Chubb Perú,
PE,pe_raw_bulletin,,Coface Seguros,72,Coface Perú,
PE,pe_raw_bulletin,,Crecer Seguros,524,Crecer Seguros Perú,
PE,pe_raw_bulletin,,INSUR,598,Insur Perú,
PE,pe_raw_bulletin,,Interseguro,597,Interseguro,
PE,pe_raw_bulletin,,LA POSITIVA VIDA,606,La Positiva Vida,
PE,pe_raw_bulletin,,LIBERTY,,Liberty Perú,Nombre corto del boletín 03-31-2026; cubre 'Liberty' de P004/Indicadores vía lookup case-insensitive (issue #210).
PE,pe_raw_bulletin,,La Positiva,511,La Positiva,
PE,pe_raw_bulletin,,Liberty Seguros,584,Liberty Perú,
PE,pe_raw_bulletin,,MAPFRE PERU,123,Mapfre Perú,
PE,pe_raw_bulletin,,MAPFRE PERU VIDA,,Mapfre Perú,Variante sin tilde en P001 de boletines 12-31-2019/2020/2021 (P002 trae 'MAPFRE PERÚ VIDA' con tilde — misma clave case-insensitive; P004 ya usa 'Mapfre Perú Vida' vía fila preexistente); el lookup no pliega acentos (issue #210).
PE,pe_raw_bulletin,,Mapfre Perú,345,Mapfre Perú,
PE,pe_raw_bulletin,,Mapfre Perú (1),2,Mapfre Perú,
PE,pe_raw_bulletin,,Mapfre Perú Vida,182,Mapfre Perú,
PE,pe_raw_bulletin,,OHIO NATIONAL VIDA,584,Ohio National Vida,
PE,pe_raw_bulletin,,PACIFICO,,Pacífico Seguros Perú,Defensivo sin tilde por si algún export SBS omite el acento (issue #210).
PE,pe_raw_bulletin,,PACÍFICO,,Pacífico Seguros Perú,Nombre corto del boletín 03-31-2026 (P001 mayúsculas y P004 'Pacífico' — misma clave case-insensitive) (issue #210).
PE,pe_raw_bulletin,,PROTECTA,592,Protecta,
PE,pe_raw_bulletin,,Pacífico Seguros,524,Pacífico Seguros Perú,
PE,pe_raw_bulletin,,Qualitas,241,Quálitas Perú,
PE,pe_raw_bulletin,,Quálitas,242,Quálitas Perú,
PE,pe_raw_bulletin,,RIGEL,58,Rigel,
PE,pe_raw_bulletin,,RIMAC,95,Rímac,
PE,pe_raw_bulletin,,Rímac,429,Rímac,
PE,pe_raw_bulletin,,Secrex,523,Secrex,
PE,pe_raw_bulletin,,VIVIR SEGUROS,455,Vivir Seguros Perú,
PE,pe_raw_bulletin,,Vida Cámara,149,Vida Cámara,
SV,sv_raw_financials,,"ASeSUISA VIDA, S. A., Seguros de Personas",48,Asesuisa Vida,
SV,sv_raw_financials,,"Aseguradora Abank, S.A., Seguros de Personas",544,Aseguradora Abank Vida,
SV,sv_raw_financials,,"Aseguradora Agrícola Comercial, S.A.",1054,Aseguradora Agrícola Comercial,
SV,sv_raw_financials,,"Aseguradora Popular, S.A.",195,Aseguradora Popular,
SV,sv_raw_financials,,"Aseguradora Suiza Salvadoreña, S.A.",523,Asesuisa,
SV,sv_raw_financials,,"Aseguradora Vivir, S. A., Seguros de Personas",96,Aseguradora Vivir,
SV,sv_raw_financials,,"Aseguradora Vivir, S.A., Seguros de Personas",30,Aseguradora Vivir,
SV,sv_raw_financials,,"Asesuisa Vida, S.A., Seguros de Personas",384,Asesuisa El Salvador,
SV,sv_raw_financials,,Asoc. Coop. de Servicios de Seguros Futuro R.L.,120,Futuro Seguros El Salvador,
SV,sv_raw_financials,,Asociación Cooperativa de Servicios de Seguros Futuro R.L.,730,Futuro Seguros El Salvador,
SV,sv_raw_financials,,"Assa Compañía de Seguros de Vida, S.A., Seguros de Personas",690,ASSA El Salvador,
SV,sv_raw_financials,,"Assa Compañía de Seguros, S.A.",981,ASSA El Salvador,
SV,sv_raw_financials,,"Atlantida Vida, S.A., Seguros de Personas",342,Atlántida El Salvador,
SV,sv_raw_financials,,"Atlántida Vida Seguros, S.A., Seguros de Personas",24,Atlántida El Salvador,
SV,sv_raw_financials,,"Atlántida Vida, S.A., Seguros de Personas",290,Atlántida El Salvador,
SV,sv_raw_financials,,"Comedica Vida, S.A. Seguros de Personas",289,Comédica El Salvador,
SV,sv_raw_financials,,Comédica Vida S.A. Seguros de Personas,114,Comédica El Salvador,
SV,sv_raw_financials,,"Comédica Vida, S.A. Seguros de Personas",93,Comédica El Salvador,
SV,sv_raw_financials,,"Davivienda Seguros Comerciales Bolivar, S.A.",120,Davivienda Seguros El Salvador,
SV,sv_raw_financials,,"Davivienda Seguros Comerciales Bolívar, S.A.",841,Davivienda Seguros El Salvador,
SV,sv_raw_financials,,"Fedecredito Vida, S.A., Seguros de Personas",31,Fedecrédito,
SV,sv_raw_financials,,"Fedecrédito Vida, S.A., Seguros de Personas",668,Fedecrédito,
SV,sv_raw_financials,,"La Central de Seguros y Fianzas, S.A.",906,La Central de Seguros y Fianzas,
SV,sv_raw_financials,,"Mapfre Seguros El Salvador, S.A.",673,Mapfre El Salvador,
SV,sv_raw_financials,,"Mapfre la Centro Americana, S.A.",379,Mapfre El Salvador,
SV,sv_raw_financials,,"PAN AMeRICAN LIFe, S.A., SeGUROS de PeRSONAS",345,Pan American Life El Salvador,
SV,sv_raw_financials,,"Pan Amercian Life, S.A., Seguros de Personas",132,Pan American Life El Salvador,
SV,sv_raw_financials,,Pan American Life Insurance Company,41,Pan American Life El Salvador,
SV,sv_raw_financials,,"Pan American Life S.A., Seguro de Personas",89,Pan American Life El Salvador,
SV,sv_raw_financials,,"Pan American Life, Inc. Co. (PALIC)",132,Pan American Life El Salvador,
SV,sv_raw_financials,,"Protege Seguros, S.A.",730,Protege Seguros,
SV,sv_raw_financials,,"Qualitas Compañia de Seguros, S. A.",506,Quálitas El Salvador,
SV,sv_raw_financials,,"Qualitas Compañía de Seguros, S.A.",120,Quálitas El Salvador,
SV,sv_raw_financials,,"SISA Vida, S. A., Seguros de Personas",588,SISA Vida El Salvador,
SV,sv_raw_financials,,"Scotia Seguros, S.A.",65,Scotia Seguros,
SV,sv_raw_financials,,"Seguros Atlántida, S. A.",552,Atlántida El Salvador,
SV,sv_raw_financials,,"Seguros Atlántida, S.A.",60,Atlántida El Salvador,
SV,sv_raw_financials,,"Seguros Azul Vida, S.A., Seguros de Personas",689,Seguros Azul Vida,
SV,sv_raw_financials,,"Seguros Azul, S.A",769,Seguros Azul,
SV,sv_raw_financials,,"Seguros Azul, S.A.",120,Seguros Azul,
SV,sv_raw_financials,,"Seguros Comedica, S.A.",360,Comédica El Salvador,
SV,sv_raw_financials,,"Seguros Comédica, S.A.",242,Comédica El Salvador,
SV,sv_raw_financials,,"Seguros Fedecredito, S.A.",29,Fedecrédito,
SV,sv_raw_financials,,"Seguros Fedecrédito, S.A.",829,Fedecrédito,
SV,sv_raw_financials,,"Seguros Sisa SV, S.A.",65,SISA El Salvador,
SV,sv_raw_financials,,"Seguros Sura, S.A.",434,Sura El Salvador,
SV,sv_raw_financials,,"Seguros Sura, S.A., Seguros de Personas",370,Sura El Salvador,
SV,sv_raw_financials,,"Seguros del Pacífico, S.A.",358,Seguros del Pacífico El Salvador,
SV,sv_raw_financials,,"Seguros e Inversiones, S.A.",1012,Seguros e Inversiones,
SV,sv_raw_financials,,"Sisa Vida, S.A. Seguros de Personas",120,SISA Vida El Salvador,
SV,sv_raw_financials,,Sistema Asegurador,120,Sistema Asegurador El Salvador,
SV,sv_raw_financials,,Total,1112,Total El Salvador,
UY,uy_raw_balance_gl,,ALIANCA,61,Alianca Uruguay,
UY,uy_raw_pnl,,ALIANCA,38,Alianca Uruguay,
UY,uy_raw_rt,,ALIANCA,26,Alianca Uruguay,
UY,uy_raw_balance_gl,,BARBUSS,123,Barbuss Uruguay,
UY,uy_raw_pnl,,BARBUSS,67,Barbuss Uruguay,
UY,uy_raw_rt,,BARBUSS,86,Barbuss Uruguay,
UY,uy_raw_balance_gl,,BERKLEY,379,Berkley Uruguay,
UY,uy_raw_pnl,,BERKLEY,201,Berkley Uruguay,
UY,uy_raw_rt,,BERKLEY,652,Berkley Uruguay,
UY,uy_raw_balance_gl,,BOTTIAS,43,Bottias,
UY,uy_raw_pnl,,BOTTIAS,21,Bottias,
UY,uy_raw_rt,,BOTTIAS,29,Bottias,
UY,uy_raw_balance_gl,,BSE,590,BSE,
UY,uy_raw_pnl,,BSE,238,BSE,
UY,uy_raw_rt,,BSE,1620,BSE,
UY,uy_raw_balance_gl,,CAUCIONES,167,Cauciones Uruguay,
UY,uy_raw_pnl,,CAUCIONES,74,Cauciones Uruguay,
UY,uy_raw_rt,,CAUCIONES,76,Cauciones Uruguay,
UY,uy_raw_balance_gl,,CUTCSA,301,CUTCSA,
UY,uy_raw_pnl,,CUTCSA,131,CUTCSA,
UY,uy_raw_rt,,CUTCSA,144,CUTCSA,
UY,uy_raw_balance_gl,,FAR,438,FAR,
UY,uy_raw_pnl,,FAR,190,FAR,
UY,uy_raw_rt,,FAR,172,FAR,
UY,uy_raw_balance_gl,,HDI,452,HDI Uruguay,
UY,uy_raw_pnl,,HDI,209,HDI Uruguay,
UY,uy_raw_rt,,HDI,635,HDI Uruguay,
UY,uy_raw_balance_gl,,INSUR,91,Insur Uruguay,
UY,uy_raw_pnl,,INSUR,57,Insur Uruguay,
UY,uy_raw_rt,,INSUR,60,Insur Uruguay,
UY,uy_raw_balance_gl,,MAPFRE,519,Mapfre Uruguay,
UY,uy_raw_pnl,,MAPFRE,219,Mapfre Uruguay,
UY,uy_raw_rt,,MAPFRE,1355,Mapfre Uruguay,
UY,uy_raw_balance_gl,,METLIFE,437,MetLife Uruguay,
UY,uy_raw_pnl,,METLIFE,184,MetLife Uruguay,
UY,uy_raw_rt,,METLIFE,614,MetLife Uruguay,
UY,uy_raw_balance_gl,,PORTO,480,Porto Seguros Uruguay,
UY,uy_raw_pnl,,PORTO,202,Porto Seguros Uruguay,
UY,uy_raw_rt,,PORTO,699,Porto Seguros Uruguay,
UY,uy_raw_balance_gl,,SAN CRISTOBAL,337,San Cristóbal Uruguay,
UY,uy_raw_pnl,,SAN CRISTOBAL,205,San Cristóbal Uruguay,
UY,uy_raw_rt,,SAN CRISTOBAL,465,San Cristóbal Uruguay,
UY,uy_raw_balance_gl,,SANCOR,399,Sancor Seguros Uruguay,
UY,uy_raw_pnl,,SANCOR,210,Sancor Seguros Uruguay,
UY,uy_raw_rt,,SANCOR,1229,Sancor Seguros Uruguay,
UY,uy_raw_balance_gl,,SBI,392,SBI Uruguay,
UY,uy_raw_pnl,,SBI,203,SBI Uruguay,
UY,uy_raw_rt,,SBI,807,SBI Uruguay,
UY,uy_raw_balance_gl,,SURA,464,Sura Uruguay,
UY,uy_raw_pnl,,SURA,205,Sura Uruguay,
UY,uy_raw_rt,,SURA,1161,Sura Uruguay,
UY,uy_raw_balance_gl,,SURCO,488,Surco Uruguay,
UY,uy_raw_pnl,,SURCO,223,Surco Uruguay,
UY,uy_raw_rt,,SURCO,1008,Surco Uruguay,
UY,uy_raw_balance_gl,,ZURICH SANTANDER,375,Zurich Uruguay,
UY,uy_raw_pnl,,ZURICH SANTANDER,189,Zurich Uruguay,
UY,uy_raw_rt,,ZURICH SANTANDER,598,Zurich Uruguay,
CO,co_raw_primas,13-42,Solunion Seguros S.A.,5577,Solunion Seguros,
CO,co_raw_solvencia,13-42,Solunion Seguros S.A.,711,Solunion Seguros,
EC,ec_raw_primas,,EQUINOCCIAL,,Equisuiza,pre-2023 PRIMA EMITIDA workbook; renamed to Equisuiza — did not exit (#217)
EC,ec_raw_primas,,EQUIVIDA COMPAÑIA DE SEGUROS S.A.,,Equivida,pre-2023 PRIMA EMITIDA workbook; entity exited before ranking CSV
EC,ec_raw_primas,,HDI-SEGUROS S.A.,,HDI Ecuador,pre-2023 PRIMA EMITIDA workbook; entity exited before ranking CSV
EC,ec_raw_primas,,SEGUROS SUCRE S.A. EN LIQUIDACIÓN,,Seguros Sucre,pre-2023 PRIMA EMITIDA workbook; entity exited before ranking CSV
PA,pa_raw_boletin,,ACERTA SEGUROS,,Acerta,boletin integration 2026-06-23
PA,pa_raw_boletin,,ALIADO SEGUROS,,Aliado Seguros,boletin integration 2026-06-23
PA,pa_raw_boletin,,"ASEGURADORA ANCON, S.A",,Aseguradora Ancón,boletin integration 2026-06-23
PA,pa_raw_boletin,,"ASEGURADORA GLOBAL, S.A",,Aseguradora Global,boletin integration 2026-06-23
PA,pa_raw_boletin,,"ASSA COMPAÑÍA DE SEGUROS, S.A",,ASSA Panamá,boletin integration 2026-06-23
PA,pa_raw_boletin,,"BANESCO SEGUROS, S.A.",,Banesco Seguros Panamá,boletin integration 2026-06-23
PA,pa_raw_boletin,,"BUPA PANAMÁ, S.A.",,Bupa Panamá,boletin integration 2026-06-23
PA,pa_raw_boletin,,"CHUBB SEGUROS PANAMA, S.A.",,Chubb Panamá,boletin integration 2026-06-23
PA,pa_raw_boletin,,"COMPAÑÍA INTERNACIONAL DE SEGUROS, S.A",,Compañía Internacional de Seguros,boletin integration 2026-06-23
PA,pa_raw_boletin,,"GENERAL DE SEGUROS, S.A.",,General de Seguros Panamá,boletin integration 2026-06-23
PA,pa_raw_boletin,,"INTERAMERICANA FIANZAS Y SEGUROS, S.A.",,Interamericana de Fianzas y Seguros,boletin integration 2026-06-23
PA,pa_raw_boletin,,"LA REGIONAL DE SEGUROS, S.A",,La Regional de Seguros,boletin integration 2026-06-23
PA,pa_raw_boletin,,"MAPFRE PANAMÁ, S.A",,Mapfre Panamá,boletin integration 2026-06-23
PA,pa_raw_boletin,,"MERCANTIL PANAMÁ SEGUROS, S.A",,Mercantil Seguros Panamá,boletin integration 2026-06-23
PA,pa_raw_boletin,,"MULTIBANK SEGUROS, S.A",,Multibank Seguros Panamá,boletin integration 2026-06-23
PA,pa_raw_boletin,,NACIONAL DE SEGUROS DE PANAMÁ Y CENTROAMÉRICA,,Nacional de Seguros de Panamá y Centroamérica,boletin integration 2026-06-23
PA,pa_raw_boletin,,"PAN AMERICAN LIFE INSURANCE DE PANAMÁ, S.A",,Pan American Life Panamá,boletin integration 2026-06-23
PA,pa_raw_boletin,,"SAGICOR PANAMÁ, S.A",,Sagicor Panamá,boletin integration 2026-06-23
PA,pa_raw_boletin,,"SEGUROS FEDPA, S.A",,Seguros FEDPA,boletin integration 2026-06-23
PA,pa_raw_boletin,,"SEGUROS SURAMERICANA, S.A",,Sura Panamá,boletin integration 2026-06-23
PA,pa_raw_boletin,,"VIVIR COMPAÑÍA DE SEGUROS, SA.",,Vivir Compañía de Seguros,boletin integration 2026-06-23
PA,pa_raw_boletin,,"WORLDWIDE MEDICAL ASSURANCE, LTD",,Worldwide Medical Assurance,boletin integration 2026-06-23
PA,pa_raw_boletin,,"ÓPTIMA COMPAÑÍA DE SEGUROS, S.A.",,Óptima Seguros,boletin integration 2026-06-23
PA,pa_raw_rt_ramo,,"ACERTA COMPAÑÍA DE SEGUROS, S.A.",6,Acerta,primas_emitidas rt re-source 2026-06-23
PA,pa_raw_rt_ramo,,"ALIADO SEGUROS, S.A",6,Aliado Seguros,primas_emitidas rt re-source 2026-06-23
PA,pa_raw_rt_ramo,,"ASEGURADORA ANCÓN, S.A.",6,Aseguradora Ancón,primas_emitidas rt re-source 2026-06-23
PA,pa_raw_rt_ramo,,"ASEGURADORA GLOBAL, S.A",6,Aseguradora Global,primas_emitidas rt re-source 2026-06-23
PA,pa_raw_rt_ramo,,"ASSA COMPAÑÍA DE SEGUROS, S.A",6,ASSA Panamá,primas_emitidas rt re-source 2026-06-23
PA,pa_raw_rt_ramo,,"BANESCO SEGUROS, S.A.",6,Banesco Seguros Panamá,primas_emitidas rt re-source 2026-06-23
PA,pa_raw_rt_ramo,,"BUPA PANAMÁ , S.A",6,Bupa Panamá,primas_emitidas rt re-source 2026-06-23
PA,pa_raw_rt_ramo,,"CHUBB SEGUROS PANAMA, S.A.",6,Chubb Panamá,primas_emitidas rt re-source 2026-06-23
PA,pa_raw_rt_ramo,,"COMPAÑÍA INTERNACIONAL DE SEGUROS, S.A.",6,Compañía Internacional de Seguros,primas_emitidas rt re-source 2026-06-23
PA,pa_raw_rt_ramo,,"GENERAL DE SEGUROS, S.A.",6,General de Seguros Panamá,primas_emitidas rt re-source 2026-06-23
PA,pa_raw_rt_ramo,,"INTERAMERICANA DE FIANZAS Y SEGUROS, S.A.",5,Interamericana de Fianzas y Seguros,primas_emitidas rt re-source 2026-06-23
PA,pa_raw_rt_ramo,,"LA REGIONAL DE SEGUROS, S.A.",6,La Regional de Seguros,primas_emitidas rt re-source 2026-06-23
PA,pa_raw_rt_ramo,,"MAPFRE PANAMÁ, S.A",6,Mapfre Panamá,primas_emitidas rt re-source 2026-06-23
PA,pa_raw_rt_ramo,,"MERCANTIL PANAMÁ SEGUROS, S.A",6,Mercantil Seguros Panamá,primas_emitidas rt re-source 2026-06-23
PA,pa_raw_rt_ramo,,MULTIBANK SEGUROS PANAMÁ,6,Multibank Seguros Panamá,primas_emitidas rt re-source 2026-06-23
PA,pa_raw_rt_ramo,,"NACIONAL DE SEGUROS DE PANAMÁ Y CENTROAMÉRICA, S.A.",3,Nacional de Seguros de Panamá y Centroamérica,primas_emitidas rt re-source 2026-06-23
PA,pa_raw_rt_ramo,,"PAN AMERICAN LIFE INSURANCE DE PANAMÁ, S.A",6,Pan American Life Panamá,primas_emitidas rt re-source 2026-06-23
PA,pa_raw_rt_ramo,,SAGICOR PANAMÁ,1,Sagicor Panamá,primas_emitidas rt re-source 2026-06-23
PA,pa_raw_rt_ramo,,"SAGICOR PANAMÁ, S.A.",5,Sagicor Panamá,primas_emitidas rt re-source 2026-06-23
PA,pa_raw_rt_ramo,,"SEGUROS FEDPA, S.A.",6,Seguros FEDPA,primas_emitidas rt re-source 2026-06-23
PA,pa_raw_rt_ramo,,"SEGUROS SURAMERICANA, S.A.",6,Sura Panamá,primas_emitidas rt re-source 2026-06-23
PA,pa_raw_rt_ramo,,"VIVIR COMPAÑÍA DE SEGUROS , S.A.",6,Vivir Compañía de Seguros,primas_emitidas rt re-source 2026-06-23
PA,pa_raw_rt_ramo,,"WORLDWIDE MEDICAL ASSURANCE, LTD. CORP.",6,Worldwide Medical Assurance,primas_emitidas rt re-source 2026-06-23
PA,pa_raw_rt_ramo,,"ÓPTIMA COMPAÑÍA DE SEGUROS , S.A.",6,Óptima Seguros,primas_emitidas rt re-source 2026-06-23
PA,pa_raw_rt_ramo,,NACIONAL DE SEGUROS DE PANAMÁ Y CENTROAMÉRIC,,Nacional de Seguros de Panamá y Centroamérica,primas_emitidas rt re-source 2026-06-23 (truncated detail-page name)
PA,pa_raw_rt_ramo,,NACIONAL DE SEGUROS DE PANAMÁ Y CENTROAMÉRICA,,Nacional de Seguros de Panamá y Centroamérica,primas_emitidas rt re-source 2026-06-23
MX,mx_raw_balance,,"A.N.A. Compañía de Seguros, S.A. de C.V.",,A.N.A,
MX,mx_raw_resultados,,"A.N.A. Compañía de Seguros, S.A. de C.V.",,A.N.A,
MX,mx_raw_balance,,"AIG Seguros México, S.A. de C.V.",,AIG Seguros México,
MX,mx_raw_resultados,,"AIG Seguros México, S.A. de C.V.",,AIG Seguros México,
MX,mx_raw_balance,,"AXA Seguros, S.A. de C.V.",,AXA Generales México,
MX,mx_raw_resultados,,"AXA Seguros, S.A. de C.V.",,AXA Generales México,
MX,mx_raw_balance,,"Agroasemex, S.A.",,Agroasemex,
MX,mx_raw_resultados,,"Agroasemex, S.A.",,Agroasemex,
MX,mx_raw_balance,,"Allianz México, S.A., Compañía de Seguros",,Allianz México,
MX,mx_raw_resultados,,"Allianz México, S.A., Compañía de Seguros",,Allianz México,
MX,mx_raw_balance,,"Armour Secure Insurance, S.A. de C.V.",,Armour Secure Insurance,
MX,mx_raw_resultados,,"Armour Secure Insurance, S.A. de C.V.",,Armour Secure Insurance,
MX,mx_raw_balance,,"Aseguradora Aserta, S.A. de C.V.",,Aseguradora Aserta,
MX,mx_raw_resultados,,"Aseguradora Aserta, S.A. de C.V.",,Aseguradora Aserta,
MX,mx_raw_balance,,"Aseguradora Aserta, S.A. de C.V., Grupo Financiero Aserta",,Aseguradora Aserta,
MX,mx_raw_resultados,,"Aseguradora Aserta, S.A. de C.V., Grupo Financiero Aserta",,Aseguradora Aserta,
MX,mx_raw_balance,,"Aseguradora Insurgentes, S.A. de C.V.",,Aseguradora Insurgentes,
MX,mx_raw_resultados,,"Aseguradora Insurgentes, S.A. de C.V.",,Aseguradora Insurgentes,
MX,mx_raw_balance,,"Aseguradora Insurgentes, S.A. de C.V., Grupo Financiero Aserta",,Aseguradora Insurgentes,
MX,mx_raw_resultados,,"Aseguradora Insurgentes, S.A. de C.V., Grupo Financiero Aserta",,Aseguradora Insurgentes,
MX,mx_raw_balance,,"Aseguradora Patrimonial Daños, S.A.",,Aseguradora Patrimonial Daños,
MX,mx_raw_resultados,,"Aseguradora Patrimonial Daños, S.A.",,Aseguradora Patrimonial Daños,
MX,mx_raw_balance,,"Aseguradora Patrimonial Vida, S.A. de C.V.",,Aseguradora Patrimonial Vida,
MX,mx_raw_resultados,,"Aseguradora Patrimonial Vida, S.A. de C.V.",,Aseguradora Patrimonial Vida,
MX,mx_raw_balance,,"Aserta Seguros Vida, S.A. de C.V.",,Aserta Seguros Vida,
MX,mx_raw_resultados,,"Aserta Seguros Vida, S.A. de C.V.",,Aserta Seguros Vida,
MX,mx_raw_balance,,"Aserta Seguros Vida, S.A. de C.V., Grupo Financiero Aserta",,Aserta Seguros Vida,
MX,mx_raw_resultados,,"Aserta Seguros Vida, S.A. de C.V., Grupo Financiero Aserta",,Aserta Seguros Vida,
MX,mx_raw_balance,,"Assurant Daños México, S.A.",,Assurant Daños México,
MX,mx_raw_resultados,,"Assurant Daños México, S.A.",,Assurant Daños México,
MX,mx_raw_balance,,"Assurant Vida México, S.A.",,Assurant Vida México,
MX,mx_raw_resultados,,"Assurant Vida México, S.A.",,Assurant Vida México,
MX,mx_raw_balance,,"Atradius Seguros de Crédito, S.A.",,Atradius Seguros de Crédito,
MX,mx_raw_resultados,,"Atradius Seguros de Crédito, S.A.",,Atradius Seguros de Crédito,
MX,mx_raw_balance,,"Avla Seguros Generales, S.A. de C.V.",,AVLA México,
MX,mx_raw_resultados,,"Avla Seguros Generales, S.A. de C.V.",,AVLA México,
MX,mx_raw_balance,,"Avla Seguros, S.A. de C.V.",,AVLA México,
MX,mx_raw_resultados,,"Avla Seguros, S.A. de C.V.",,AVLA México,
MX,mx_raw_balance,,"BBVA Seguros México, S.A. de C.V., Grupo Financiero BBVA México",,BBVA Seguros México,
MX,mx_raw_resultados,,"BBVA Seguros México, S.A. de C.V., Grupo Financiero BBVA México",,BBVA Seguros México,
MX,mx_raw_balance,,"BUPA México, Compañía de Seguros, S.A. de C.V.",,Bupa México,
MX,mx_raw_resultados,,"BUPA México, Compañía de Seguros, S.A. de C.V.",,Bupa México,
MX,mx_raw_balance,,"Berkley International Compañía de Garantías México, S.A. de C.V.",,Berkley Garantías México,
MX,mx_raw_resultados,,"Berkley International Compañía de Garantías México, S.A. de C.V.",,Berkley Garantías México,
MX,mx_raw_balance,,"Berkley International Seguros México, S.A. de C.V.",,Berkley Seguros México,
MX,mx_raw_resultados,,"Berkley International Seguros México, S.A. de C.V.",,Berkley Seguros México,
MX,mx_raw_balance,,"CESCE México, S.A. de C.V.",,CESCE Seguros México,
MX,mx_raw_resultados,,"CESCE México, S.A. de C.V.",,CESCE Seguros México,
MX,mx_raw_balance,,"COFACE Seguro de Crédito México, S.A. de C.V.",,COFACE Crédito México,
MX,mx_raw_resultados,,"COFACE Seguro de Crédito México, S.A. de C.V.",,COFACE Crédito México,
MX,mx_raw_balance,,"CRABI, S.A. de C.V.",,CRABI,
MX,mx_raw_resultados,,"CRABI, S.A. de C.V.",,CRABI,
MX,mx_raw_balance,,"Cardif México Seguros Generales, S.A. de C.V.",,Cardif Generales México,
MX,mx_raw_resultados,,"Cardif México Seguros Generales, S.A. de C.V.",,Cardif Generales México,
MX,mx_raw_balance,,"Cardif México Seguros de Vida, S.A. de C.V.",,Cardif Vida México,
MX,mx_raw_resultados,,"Cardif México Seguros de Vida, S.A. de C.V.",,Cardif Vida México,
MX,mx_raw_balance,,"Chubb Fianzas Monterrey, Aseguradora de Caución, S.A.",,Chubb Fianzas México,
MX,mx_raw_resultados,,"Chubb Fianzas Monterrey, Aseguradora de Caución, S.A.",,Chubb Fianzas México,
MX,mx_raw_balance,,"Chubb Seguros México, S.A.",,Chubb Seguros México,
MX,mx_raw_resultados,,"Chubb Seguros México, S.A.",,Chubb Seguros México,
MX,mx_raw_balance,,"Citibanamex Seguros, S.A. de C.V., Integrante del Grupo Financiero Citibanamex",,Citibanamex Seguros,
MX,mx_raw_resultados,,"Citibanamex Seguros, S.A. de C.V., Integrante del Grupo Financiero Citibanamex",,Citibanamex Seguros,
MX,mx_raw_balance,,"Compañía de Seguros Generales Everest México, S.A. de C.V",,Everest México,
MX,mx_raw_resultados,,"Compañía de Seguros Generales Everest México, S.A. de C.V",,Everest México,
MX,mx_raw_balance,,"Deco Seguros, S.A. de C.V.",,Deco Seguros,
MX,mx_raw_resultados,,"Deco Seguros, S.A. de C.V.",,Deco Seguros,
MX,mx_raw_balance,,"Der Neue Horizont Re, S.A. de C.V.",,Horizont Re,
MX,mx_raw_resultados,,"Der Neue Horizont Re, S.A. de C.V.",,Horizont Re,
MX,mx_raw_balance,,"Dorama, Institución de Garantías, S.A.",,Dorama Garantías,
MX,mx_raw_resultados,,"Dorama, Institución de Garantías, S.A.",,Dorama Garantías,
MX,mx_raw_balance,,"El Águila, Compañía de Seguros, S.A. de C.V.",,El Águila,
MX,mx_raw_resultados,,"El Águila, Compañía de Seguros, S.A. de C.V.",,El Águila,
MX,mx_raw_balance,,"FM Global de México, S.A. de C.V.",,FM Global México,
MX,mx_raw_resultados,,"FM Global de México, S.A. de C.V.",,FM Global México,
MX,mx_raw_balance,,"Fianzas y Cauciones Atlas, S.A.",,Atlas Cauciones,
MX,mx_raw_resultados,,"Fianzas y Cauciones Atlas, S.A.",,Atlas Cauciones,
MX,mx_raw_balance,,"General de Seguros, S.A.",,General de Seguros,
MX,mx_raw_resultados,,"General de Seguros, S.A.",,General de Seguros,
MX,mx_raw_balance,,"General de Seguros, S.A.B.",,General de Seguros,
MX,mx_raw_resultados,,"General de Seguros, S.A.B.",,General de Seguros,
MX,mx_raw_balance,,"Grupo Mexicano de Seguros, S.A. de C.V.",,Grupo Mexicano de Seguros,
MX,mx_raw_resultados,,"Grupo Mexicano de Seguros, S.A. de C.V.",,Grupo Mexicano de Seguros,
MX,mx_raw_balance,,"Grupo Nacional Provincial, S.A.B.",,Grupo Nacional Provincial,
MX,mx_raw_resultados,,"Grupo Nacional Provincial, S.A.B.",,Grupo Nacional Provincial,
MX,mx_raw_balance,,"HDI Global Seguros, S.A.",,HDI Global Seguros,
MX,mx_raw_resultados,,"HDI Global Seguros, S.A.",,HDI Global Seguros,
MX,mx_raw_balance,,"HDI Seguros, S.A. de C.V.",,HDI Seguros,
MX,mx_raw_resultados,,"HDI Seguros, S.A. de C.V.",,HDI Seguros,
MX,mx_raw_balance,,"HIR Compañía de Seguros, S.A. de C.V.",,HIR,
MX,mx_raw_resultados,,"HIR Compañía de Seguros, S.A. de C.V.",,HIR,
MX,mx_raw_balance,,"HSBC Seguros, S.A. de C.V., Grupo Financiero HSBC",,HSBC Seguros México,
MX,mx_raw_resultados,,"HSBC Seguros, S.A. de C.V., Grupo Financiero HSBC",,HSBC Seguros México,
MX,mx_raw_balance,,"Inbursa Seguros de Caución y Fianzas, S.A., Grupo Financiero Inbursa",,Inbursa Caución,
MX,mx_raw_resultados,,"Inbursa Seguros de Caución y Fianzas, S.A., Grupo Financiero Inbursa",,Inbursa Caución,
MX,mx_raw_balance,,"Insignia Life, S.A. de C.V.",,Insignia Life,
MX,mx_raw_resultados,,"Insignia Life, S.A. de C.V.",,Insignia Life,
MX,mx_raw_balance,,"La Latinoamericana Seguros, S.A.",,La Latinoamericana Seguros,
MX,mx_raw_resultados,,"La Latinoamericana Seguros, S.A.",,La Latinoamericana Seguros,
MX,mx_raw_balance,,"Mapfre México, S.A.",,Mapfre Seguros México,
MX,mx_raw_resultados,,"Mapfre México, S.A.",,Mapfre Seguros México,
MX,mx_raw_balance,,"MetLife Más, S.A. de C.V.",,Metlife+ México,
MX,mx_raw_resultados,,"MetLife Más, S.A. de C.V.",,Metlife+ México,
MX,mx_raw_balance,,"Metlife México, S.A.",,Metlife México,
MX,mx_raw_resultados,,"Metlife México, S.A.",,Metlife México,
MX,mx_raw_balance,,"Metlife México, S.A. de C.V.",,Metlife México,
MX,mx_raw_resultados,,"Metlife México, S.A. de C.V.",,Metlife México,
MX,mx_raw_balance,,"Momento Seguros, S.A. de C.V.",,Momento Seguros,
MX,mx_raw_resultados,,"Momento Seguros, S.A. de C.V.",,Momento Seguros,
MX,mx_raw_balance,,"Pan-American México, Compañía de Seguros, S.A. de C.V",,Pan-American México,
MX,mx_raw_resultados,,"Pan-American México, Compañía de Seguros, S.A. de C.V",,Pan-American México,
MX,mx_raw_balance,,"Patrimonial Inbursa, S.A.",,Inbursa Patrimonial,
MX,mx_raw_resultados,,"Patrimonial Inbursa, S.A.",,Inbursa Patrimonial,
MX,mx_raw_balance,,"Plenit Compañía de Seguros, S.A. de C.V.",,Plenit,
MX,mx_raw_resultados,,"Plenit Compañía de Seguros, S.A. de C.V.",,Plenit,
MX,mx_raw_balance,,"Prevem Seguros, S.A. de C.V.",,Prevem Seguros,
MX,mx_raw_resultados,,"Prevem Seguros, S.A. de C.V.",,Prevem Seguros,
MX,mx_raw_balance,,"Primero Seguros, S.A. de C.V.",,Primero Seguros,
MX,mx_raw_resultados,,"Primero Seguros, S.A. de C.V.",,Primero Seguros,
MX,mx_raw_balance,,"Principal Seguros, S.A. de C.V., Principal Grupo Financiero",,Principal Seguros,
MX,mx_raw_resultados,,"Principal Seguros, S.A. de C.V., Principal Grupo Financiero",,Principal Seguros,
MX,mx_raw_balance,,"Protección Agropecuaria, Compañía de Seguros, S.A.",,Protección Agropecuaria,
MX,mx_raw_resultados,,"Protección Agropecuaria, Compañía de Seguros, S.A.",,Protección Agropecuaria,
MX,mx_raw_balance,,"Prudential Seguros México, S.A. de C.V.",,Prudential México,
MX,mx_raw_resultados,,"Prudential Seguros México, S.A. de C.V.",,Prudential México,
MX,mx_raw_balance,,"Quálitas, Compañía de Seguros, S.A. de C.V.",,Quálitas Generales México,
MX,mx_raw_resultados,,"Quálitas, Compañía de Seguros, S.A. de C.V.",,Quálitas Generales México,
MX,mx_raw_balance,,"REASEGURADORA PATRIA, S.A.",,Reaseguradora Patria,
MX,mx_raw_resultados,,"REASEGURADORA PATRIA, S.A.",,Reaseguradora Patria,
MX,mx_raw_balance,,"SPP Institución de Seguros, S.A. de C.V.",,SPP Seguros,
MX,mx_raw_resultados,,"SPP Institución de Seguros, S.A. de C.V.",,SPP Seguros,
MX,mx_raw_balance,,"SPT, Sociedad Mutualista de Seguros",,SPT Mutualista,
MX,mx_raw_resultados,,"SPT, Sociedad Mutualista de Seguros",,SPT Mutualista,
MX,mx_raw_balance,,"Seguros Afirme, S.A. de C.V., Afirme Grupo Financiero",,Afirme,
MX,mx_raw_resultados,,"Seguros Afirme, S.A. de C.V., Afirme Grupo Financiero",,Afirme,
MX,mx_raw_balance,,"Seguros Argos, S.A. de C.V.",,Argos México,
MX,mx_raw_resultados,,"Seguros Argos, S.A. de C.V.",,Argos México,
MX,mx_raw_balance,,"Seguros Atlas, S.A.",,Atlas,
MX,mx_raw_resultados,,"Seguros Atlas, S.A.",,Atlas,
MX,mx_raw_balance,,"Seguros Azteca Daños, S.A. de C.V.",,Azteca Daños,
MX,mx_raw_resultados,,"Seguros Azteca Daños, S.A. de C.V.",,Azteca Daños,
MX,mx_raw_balance,,"Seguros Azteca, S.A. de C.V.",,Azteca,
MX,mx_raw_resultados,,"Seguros Azteca, S.A. de C.V.",,Azteca,
MX,mx_raw_balance,,"Seguros Banamex, S.A. de C.V., Integrante del Grupo Financiero Banamex",,Banamex Seguros,
MX,mx_raw_resultados,,"Seguros Banamex, S.A. de C.V., Integrante del Grupo Financiero Banamex",,Banamex Seguros,
MX,mx_raw_balance,,"Seguros Banorte, S.A. de C.V., Grupo Financiero Banorte",,Banorte Seguros,
MX,mx_raw_resultados,,"Seguros Banorte, S.A. de C.V., Grupo Financiero Banorte",,Banorte Seguros,
MX,mx_raw_balance,,"Seguros El Potosí, S.A.",,El Potosí,
MX,mx_raw_resultados,,"Seguros El Potosí, S.A.",,El Potosí,
MX,mx_raw_balance,,"Seguros Inbursa, S.A., Grupo Financiero Inbursa",,Inbursa Seguros,
MX,mx_raw_resultados,,"Seguros Inbursa, S.A., Grupo Financiero Inbursa",,Inbursa Seguros,
MX,mx_raw_balance,,"Seguros Monterrey New York Life, S.A. de C.V.",,Seguros Monterrey New York Life,
MX,mx_raw_resultados,,"Seguros Monterrey New York Life, S.A. de C.V.",,Seguros Monterrey New York Life,
MX,mx_raw_balance,,"Seguros Sura, S.A. de C.V.",,Sura México,
MX,mx_raw_resultados,,"Seguros Sura, S.A. de C.V.",,Sura México,
MX,mx_raw_balance,,"Seguros Ve por Más, S.A., Grupo Financiero Ve por Más",,Ve por Más,
MX,mx_raw_resultados,,"Seguros Ve por Más, S.A., Grupo Financiero Ve por Más",,Ve por Más,
MX,mx_raw_balance,,"Seguros de las Californias, S.A. de C.V.",,Seguros de las Californias,
MX,mx_raw_resultados,,"Seguros de las Californias, S.A. de C.V.",,Seguros de las Californias,
MX,mx_raw_balance,,"Skandia Life, S.A. de C.V.",,Skandia Life México,
MX,mx_raw_resultados,,"Skandia Life, S.A. de C.V.",,Skandia Life México,
MX,mx_raw_balance,,"Sofimex, Institución de Garantías, S.A.",,Sofimex,
MX,mx_raw_resultados,,"Sofimex, Institución de Garantías, S.A.",,Sofimex,
MX,mx_raw_balance,,"Solunion México Seguros de Crédito, S.A.",,Solunion México,
MX,mx_raw_resultados,,"Solunion México Seguros de Crédito, S.A.",,Solunion México,
MX,mx_raw_balance,,"Sompo Seguros México, S.A. de C.V.",,Sompo Seguros México,
MX,mx_raw_resultados,,"Sompo Seguros México, S.A. de C.V.",,Sompo Seguros México,
MX,mx_raw_balance,,"Stewart Title Guaranty de México, S.A. de C.V.",,Stewart Garantías,
MX,mx_raw_resultados,,"Stewart Title Guaranty de México, S.A. de C.V.",,Stewart Garantías,
MX,mx_raw_balance,,"Swiss Re Corporate Solutions México Seguros, S.A. de C.V.",,Swiss México Seguros,
MX,mx_raw_resultados,,"Swiss Re Corporate Solutions México Seguros, S.A. de C.V.",,Swiss México Seguros,
MX,mx_raw_balance,,"TLÁLOC SEGUROS, S.A.",,TLÁLOC Seguros,
MX,mx_raw_resultados,,"TLÁLOC SEGUROS, S.A.",,TLÁLOC Seguros,
MX,mx_raw_balance,,"Thona Seguros, S.A. de C.V.",,Thona Seguros,
MX,mx_raw_resultados,,"Thona Seguros, S.A. de C.V.",,Thona Seguros,
MX,mx_raw_balance,,"Tokio Marine, Compañía de Seguros, S.A. de C.V.",,Tokio Marine Seguros México,
MX,mx_raw_resultados,,"Tokio Marine, Compañía de Seguros, S.A. de C.V.",,Tokio Marine Seguros México,
MX,mx_raw_balance,,"UMBRELLA COMPAÑÍA DE SEGUROS, S.A. DE C.V.",,UMBRELLA,
MX,mx_raw_resultados,,"UMBRELLA COMPAÑÍA DE SEGUROS, S.A. DE C.V.",,UMBRELLA,
MX,mx_raw_balance,,"Virginia Surety Seguros de México, S.A. de C.V.",,Virginia Surety,
MX,mx_raw_resultados,,"Virginia Surety Seguros de México, S.A. de C.V.",,Virginia Surety,
MX,mx_raw_balance,,"XL Seguros México, S.A. de C.V.",,XL Seguros,
MX,mx_raw_resultados,,"XL Seguros México, S.A. de C.V.",,XL Seguros,
MX,mx_raw_balance,,"Zurich Aseguradora Mexicana, S.A. de C.V.",,Zurich Seguros México,
MX,mx_raw_resultados,,"Zurich Aseguradora Mexicana, S.A. de C.V.",,Zurich Seguros México,
MX,mx_raw_balance,,"Zurich Santander Seguros México, S.A.",,Zurich Santander México,
MX,mx_raw_resultados,,"Zurich Santander Seguros México, S.A.",,Zurich Santander México,
MX,mx_raw_balance,,"Zurich Vida, Compañía de Seguros, S.A.",,Zurich Vida México,
MX,mx_raw_resultados,,"Zurich Vida, Compañía de Seguros, S.A.",,Zurich Vida México,
MX,mx_raw_balance,,"Zurich, Compañía de Seguros, S.A.",,Zurich México,
MX,mx_raw_resultados,,"Zurich, Compañía de Seguros, S.A.",,Zurich México,
CL,cl_raw_gl,76.418.751-2,4LIFE,,4Life Chile,CL lookup keys on RUT (source_entity_code)
CL,cl_raw_gl,76.511.423-3,ALEMANA,,Alemana Chile,CL lookup keys on RUT (source_entity_code)
CL,cl_raw_gl,76.212.519-6,ASSURANT,,Assurant Chile,CL lookup keys on RUT (source_entity_code)
CL,cl_raw_gl,76.632.384-7,AUGUSTAR,,Augustar Chile,CL lookup keys on RUT (source_entity_code)
CL,cl_raw_gl,76.363.534-1,AVLA,,Avla Chile,CL lookup keys on RUT (source_entity_code)
CL,cl_raw_gl,99.147.000-K,BCI (99.147.000-K),,BCI Generales Chile,CL lookup keys on RUT (source_entity_code)
CL,cl_raw_gl,96.573.600-K,BCI (96.573.600-K),,BCI Vida Chile,CL lookup keys on RUT (source_entity_code)
CL,cl_raw_gl,96.656.410-5,BICE,,BICE Vida Chile,CL lookup keys on RUT (source_entity_code)
CL,cl_raw_gl,96.837.640-3,BNP (96.837.640-3),,BNP Generales Chile,CL lookup keys on RUT (source_entity_code)
CL,cl_raw_gl,96.837.630-6,BNP (96.837.630-6),,BNP Vida Chile,CL lookup keys on RUT (source_entity_code)
CL,cl_raw_gl,76.282.191-5,BUPA VIDA,,BUPA Vida Chile,CL lookup keys on RUT (source_entity_code)
CL,cl_raw_gl,99.003.000-6,CAMARA,,Camara,CL lookup keys on RUT (source_entity_code)
CL,cl_raw_gl,76.015.592-6,CESCE,,Cesce Chile,CL lookup keys on RUT (source_entity_code)
CL,cl_raw_gl,76.477.116-8,CF,,CF,CL lookup keys on RUT (source_entity_code)
CL,cl_raw_gl,99.225.000-3,CHUBB GENERALES,,CHUBB Generales Chile,CL lookup keys on RUT (source_entity_code)
CL,cl_raw_gl,99.588.060-1,CHUBB VIDA,,CHUBB Vida Chile,CL lookup keys on RUT (source_entity_code)
CL,cl_raw_gl,76.573.480-0,CLC,,Clc,CL lookup keys on RUT (source_entity_code)
CL,cl_raw_gl,96.579.280-5,CN LIFE,,CN Life,CL lookup keys on RUT (source_entity_code)
CL,cl_raw_gl,96.831.690-7,COFACE,,Coface,CL lookup keys on RUT (source_entity_code)
CL,cl_raw_gl,76.408.757-7,COLMENA,,Colmena Vida Chile,CL lookup keys on RUT (source_entity_code)
CL,cl_raw_gl,96.571.890-7,CONFUTURO,,Confuturo,CL lookup keys on RUT (source_entity_code)
CL,cl_raw_gl,96.654.180-6,CONSORCIO NACIONAL (96.654.180-6),,Consorcio Nacional Generales,CL lookup keys on RUT (source_entity_code)
CL,cl_raw_gl,99.012.000-5,CONSORCIO NACIONAL (99.012.000-5),,Consorcio Nacional Vida,CL lookup keys on RUT (source_entity_code)
CL,cl_raw_gl,76.981.875-8,CONTEMPORA,,Contempora,CL lookup keys on RUT (source_entity_code)
CL,cl_raw_gl,76.039.758-K,CONTINENTAL,,Continental,CL lookup keys on RUT (source_entity_code)
CL,cl_raw_gl,96.573.590-9,CREDITO CONTINENTAL,,Continental,CL lookup keys on RUT (source_entity_code)
CL,cl_raw_gl,77.205.281-2,DIVINAPASTORA,,Divinapastora,CL lookup keys on RUT (source_entity_code)
CL,cl_raw_gl,99.279.000-8,EUROAMERICA,,Euroamerica,CL lookup keys on RUT (source_entity_code)
CL,cl_raw_gl,77.591.207-3,EVEREST,,Everest Chile,CL lookup keys on RUT (source_entity_code)
CL,cl_raw_gl,77.096.952-2,FID,,Fid,CL lookup keys on RUT (source_entity_code)
CL,cl_raw_gl,99.231.000-6,HDI,,HDI Generales Chile,CL lookup keys on RUT (source_entity_code)
CL,cl_raw_gl,99.061.000-2,HDI G,,HDI Generales Chile,CL lookup keys on RUT (source_entity_code)
CL,cl_raw_gl,76.079.624-7,HDI GARANTIA Y CRED.,,HDI Generales Chile,CL lookup keys on RUT (source_entity_code)
CL,cl_raw_gl,76.213.329-6,HELP SEGUROS,,Help Seguros,CL lookup keys on RUT (source_entity_code)
CL,cl_raw_gl,99.196.000-7,HUELEN,,Huelesn Seguros de Vida,CL lookup keys on RUT (source_entity_code)
CL,cl_raw_gl,96.994.700-5,HUELEN GENERALES,,Huelesn Seguros Generales,CL lookup keys on RUT (source_entity_code)
CL,cl_raw_gl,76.844.788-8,KONSEGUR,,Konsegur Chile,CL lookup keys on RUT (source_entity_code)
CL,cl_raw_gl,78.027.718-1,LIBERTY MUTUAL,,Liberty Chile,CL lookup keys on RUT (source_entity_code)
CL,cl_raw_gl,96.508.210-7,MAPFRE (96.508.210-7),,Mapfre Generales Chile,CL lookup keys on RUT (source_entity_code)
CL,cl_raw_gl,96.933.030-K,MAPFRE (96.933.030-K),,Mapfre Vida Chile,CL lookup keys on RUT (source_entity_code)
CL,cl_raw_gl,99.289.000-2,METLIFE,,Metlife Vida Chile,CL lookup keys on RUT (source_entity_code)
CL,cl_raw_gl,76.328.793-9,METLIFE GENERALES,,Metlife Generales Chile,CL lookup keys on RUT (source_entity_code)
CL,cl_raw_gl,99.024.000-0,MUT DE CARABINEROS,,Mut De Carabineros,CL lookup keys on RUT (source_entity_code)
CL,cl_raw_gl,99.025.000-6,MUT. EJERC. Y AVIAC.,,Mut. Ejerc. Y Aviac.,CL lookup keys on RUT (source_entity_code)
CL,cl_raw_gl,70.015.730-K,MUTUAL DE SEGUROS,,Mutual De Seguros,CL lookup keys on RUT (source_entity_code)
CL,cl_raw_gl,96.687.900-9,OHIO,,Ohio Chile,CL lookup keys on RUT (source_entity_code)
CL,cl_raw_gl,76.042.965-1,ORION,,Orion,CL lookup keys on RUT (source_entity_code)
CL,cl_raw_gl,76.810.563-4,ORSAN,,Orsan,CL lookup keys on RUT (source_entity_code)
CL,cl_raw_gl,96.812.960-0,PENTA,,Penta,CL lookup keys on RUT (source_entity_code)
CL,cl_raw_gl,76.598.625-7,PORVENIR,,Porvenir Chile,CL lookup keys on RUT (source_entity_code)
CL,cl_raw_gl,96.588.080-1,PRINCIPAL,,Principal,CL lookup keys on RUT (source_entity_code)
CL,cl_raw_gl,76.743.492-8,REALE,,Reale,CL lookup keys on RUT (source_entity_code)
CL,cl_raw_gl,94.510.000-1,RENTA NACIONAL (94.510.000-1),,Renta Nacional Generales,CL lookup keys on RUT (source_entity_code)
CL,cl_raw_gl,94.716.000-1,RENTA NACIONAL (94.716.000-1),,Renta Nacional Vida,CL lookup keys on RUT (source_entity_code)
CL,cl_raw_gl,76.034.737-K,SAVE BCJ,,Save Bcj,CL lookup keys on RUT (source_entity_code)
CL,cl_raw_gl,99.301.000-6,SECURITY PREVISION,,Security Chile,CL lookup keys on RUT (source_entity_code)
CL,cl_raw_gl,76.094.234-0,SOLUNION,,Solunion Chile,CL lookup keys on RUT (source_entity_code)
CL,cl_raw_gl,99.288.000-7,SOUTHBRIDGE,,Southbridge,CL lookup keys on RUT (source_entity_code)
CL,cl_raw_gl,76.620.932-7,STARR,,Starr Chile,CL lookup keys on RUT (source_entity_code)
CL,cl_raw_gl,96.549.050-7,SURA,,Sura Vida Chile,CL lookup keys on RUT (source_entity_code)
CL,cl_raw_gl,99.017.000-2,SURAMERICANA G,,Sura Generales Chile,CL lookup keys on RUT (source_entity_code)
CL,cl_raw_gl,76.263.414-7,SURAMERICANA V,,Sura Vida Chile,CL lookup keys on RUT (source_entity_code)
CL,cl_raw_gl,76.632.553-K,UC CHRISTUS,,Uc Christus,CL lookup keys on RUT (source_entity_code)
CL,cl_raw_gl,76.173.258-7,UNNIO,,Unnio,CL lookup keys on RUT (source_entity_code)
CL,cl_raw_gl,76.061.223-5,ZENIT,,Zenit,CL lookup keys on RUT (source_entity_code)
CL,cl_raw_gl,99.037.000-1,ZURICH CHILE G,,Zurich Generales Chile,CL lookup keys on RUT (source_entity_code)
CL,cl_raw_gl,99.185.000-7,ZURICH CHILE V,,Zurich Vida Chile,CL lookup keys on RUT (source_entity_code)
CL,cl_raw_gl,76.590.840-K,ZURICH SANTANDER (76.590.840-K),,Zurich Santander Generales Chile,CL lookup keys on RUT (source_entity_code)
CL,cl_raw_gl,96.819.630-8,ZURICH SANTANDER (96.819.630-8),,Zurich Santander Vida Chile,CL lookup keys on RUT (source_entity_code)
PA,pa_raw_boletin,,"LA FLORESTA DE SEGUROS Y VIDA, S.A",,La Floresta,PA input reorg 2026-07-21
PA,pa_raw_boletin,,"INTERAMERICANA DE FIANZAS Y SEGUROS, S.A.",,Interamericana de Fianzas y Seguros,PA input reorg 2026-07-21
PA,pa_raw_boletin,,"Acerta Compañía de Seguros, S.A.",,Acerta,PA input reorg 2026-07-21
PA,pa_raw_boletin,,"Aliado Seguros, S.A.",,Aliado Seguros,PA input reorg 2026-07-21
PA,pa_raw_boletin,,"Aseguradora Ancon, S.A.",,Aseguradora Ancón,PA input reorg 2026-07-21
PA,pa_raw_boletin,,"Aseguradora Global, S.A.",,Aseguradora Global,PA input reorg 2026-07-21
PA,pa_raw_boletin,,"ASSA Compañía de Seguros, S.A.",,ASSA Panamá,PA input reorg 2026-07-21
PA,pa_raw_boletin,,CHUBB Seguros Panamá S. A.,,Chubb Panamá,PA input reorg 2026-07-21
PA,pa_raw_boletin,,"Compañía Internacional de Seguros, S.A.",,Compañía Internacional de Seguros,PA input reorg 2026-07-21
PA,pa_raw_boletin,,MAPFRE Panamá S.A.,,Mapfre Panamá,PA input reorg 2026-07-21
PA,pa_raw_boletin,,"Mercantil Seguros y Reaseguros, S.A.",,Mercantil Seguros Panamá,PA input reorg 2026-07-21
PA,pa_raw_boletin,,Multibank Seguros Panamá,,Multibank Seguros Panamá,PA input reorg 2026-07-21
PA,pa_raw_boletin,,"Optima Compañía de Seguros, S.A.",,Óptima Seguros,PA input reorg 2026-07-21
PA,pa_raw_boletin,,"Pan American Life Insurande de Panamá, S.A.",,Pan American Life Panamá,PA input reorg 2026-07-21
PA,pa_raw_boletin,,"SAGICOR Panamá, S. A.",,Sagicor Panamá,PA input reorg 2026-07-21
PA,pa_raw_boletin,,"Seguros FEDPA, S .A.",,Seguros FEDPA,PA input reorg 2026-07-21
PA,pa_raw_boletin,,"Seguros Suramericana, S.A.",,Sura Panamá,PA input reorg 2026-07-21
PA,pa_raw_boletin,,"Vivir Compañía de Seguros, S. A.",,Vivir Compañía de Seguros,PA input reorg 2026-07-21
PA,pa_raw_boletin,,Worldwide Medical Assurance,,Worldwide Medical Assurance,PA input reorg 2026-07-21
PA,pa_raw_boletin,,BUPA Panamá S.A.,,Bupa Panamá,PA input reorg 2026-07-21
PA,pa_raw_boletin,,"La Regional de Seguros, C.A.",,La Regional de Seguros,PA input reorg 2026-07-21
PA,pa_raw_boletin,,"Multibank Seguros, S.A.",,Multibank Seguros Panamá,PA input reorg 2026-07-21
PA,pa_raw_boletin,,"UniVivir, S. A.",,Vivir Compañía de Seguros,PA input reorg 2026-07-21
PA,pa_raw_boletin,,"La Regional de Seguros, S.A.",,La Regional de Seguros,PA input reorg 2026-07-21
PA,pa_raw_rt,,"ALIADO SEGUROS, S.A.",,Aliado Seguros,PA input reorg 2026-07-21
PA,pa_raw_rt,,"ASSA COMPAÑÍA DE SEGUROS, S.A.",,ASSA Panamá,PA input reorg 2026-07-21
PA,pa_raw_rt,,"BUPA PANAMA, S.A.",,Bupa Panamá,PA input reorg 2026-07-21
PA,pa_raw_rt,,"CHUB SEGUROS PANAMÁ, S.A.",,Chubb Panamá,PA input reorg 2026-07-21
PA,pa_raw_rt,,"ASEGURADORA GLOBAL, S.A.",,Aseguradora Global,PA input reorg 2026-07-21
PA,pa_raw_rt,,"MAPFRE PANAMÁ, S.A.",,Mapfre Panamá,PA input reorg 2026-07-21
PA,pa_raw_rt,,MERCANTIL SEGUROS PANAMÁ,,Mercantil Seguros Panamá,PA input reorg 2026-07-21
PA,pa_raw_rt,,"MULTIBANK SEGUROS, S.A.",,Multibank Seguros Panamá,PA input reorg 2026-07-21
PA,pa_raw_rt,,"NACIONAL DE SEGUROS DE PANAMÁ Y CENTROAMÉRICA , S.A.",,Nacional de Seguros de Panamá y Centroamérica,PA input reorg 2026-07-21
PA,pa_raw_rt,,"ÓPTIMA COMPAÑÍA DE SEGUROS, S.A.",,Óptima Seguros,PA input reorg 2026-07-21
PA,pa_raw_rt,,PAN AMERICAN LIFE INSURANCE DE PANAMÁ,,Pan American Life Panamá,PA input reorg 2026-07-21
PA,pa_raw_rt,,"VIVIR COMPAÑÍA DE SEGUROS, S.A.",,Vivir Compañía de Seguros,PA input reorg 2026-07-21
PA,pa_raw_rt,,"WORLDWIDE MEDICAL ASSURANCE, LTD CORP.",,Worldwide Medical Assurance,PA input reorg 2026-07-21
PA,pa_raw_rt,,ALIADO SEGUROS,,Aliado Seguros,PA input reorg 2026-07-21
PA,pa_raw_rt,,"ASEGURADORA ANCÓN, S. A.",,Aseguradora Ancón,PA input reorg 2026-07-21
PA,pa_raw_rt,,"BUPA PANAMÁ, S.A.",,Bupa Panamá,PA input reorg 2026-07-21
PA,pa_raw_rt,,Chubb Seguros Panamá,,Chubb Panamá,PA input reorg 2026-07-21
PA,pa_raw_rt,,"SEGUROS FEDPA, S..A",,Seguros FEDPA,PA input reorg 2026-07-21
PA,pa_raw_rt,,"CIA. INTERNACIONAL DE SEGUROS, S.A.",,Compañía Internacional de Seguros,PA input reorg 2026-07-21
PA,pa_raw_rt,,"MAPFRE PANAMA, S.A.",,Mapfre Panamá,PA input reorg 2026-07-21
PA,pa_raw_rt,,"MERCANTIL PANAMÁ SEGUROS, S.A.",,Mercantil Seguros Panamá,PA input reorg 2026-07-21
PA,pa_raw_rt,,"Nacional de Seguros de Panamá y Centroamérica, S. A.",,Nacional de Seguros de Panamá y Centroamérica,PA input reorg 2026-07-21
PA,pa_raw_rt,,Optima Compañía de Seguros,,Óptima Seguros,PA input reorg 2026-07-21
PA,pa_raw_rt,,"Pan American Life Insurance de Panamá, S. A.",,Pan American Life Panamá,PA input reorg 2026-07-21
PA,pa_raw_rt,,"Sagicor Panama, S. A.",,Sagicor Panamá,PA input reorg 2026-07-21
PA,pa_raw_rt,,Vivir Compañía de Seguros,,Vivir Compañía de Seguros,PA input reorg 2026-07-21
PA,pa_raw_balance,,"UNIVIVIR SEGUROS, S.A.",,Vivir Compañía de Seguros,PA input reorg 2026-07-21
PA,pa_raw_rt,,"ASEGURADORA ANCON, S.A",,Aseguradora Ancón,PA rt variantes 2021-2026 (reorg 2026-07-21)
PA,pa_raw_rt,,"ASEGURADORA GLOBAL,S.A.",,Aseguradora Global,PA rt variantes 2021-2026 (reorg 2026-07-21)
PA,pa_raw_rt,,"Aseguradora Ancon, S.A.",,Aseguradora Ancón,PA rt variantes 2021-2026 (reorg 2026-07-21)
PA,pa_raw_rt,,BUPA Panamá S.A.,,Bupa Panamá,PA rt variantes 2021-2026 (reorg 2026-07-21)
PA,pa_raw_rt,,CHUBB Seguros Panamá S. A.,,Chubb Panamá,PA rt variantes 2021-2026 (reorg 2026-07-21)
PA,pa_raw_rt,,"Chubb Seguros, Panamá",,Chubb Panamá,PA rt variantes 2021-2026 (reorg 2026-07-21)
PA,pa_raw_rt,,"La Regional de Seguros, C.A.",,La Regional de Seguros,PA rt variantes 2021-2026 (reorg 2026-07-21)
PA,pa_raw_rt,,MAPFRE Panamá S.A.,,Mapfre Panamá,PA rt variantes 2021-2026 (reorg 2026-07-21)
PA,pa_raw_rt,,"Mercantil Seguros y Reaseguros, S.A.",,Mercantil Seguros Panamá,PA rt variantes 2021-2026 (reorg 2026-07-21)
PA,pa_raw_rt,,"OPTIMA COMPAÑÍA DE SEGUROS, S.A.",,Óptima Seguros,PA rt variantes 2021-2026 (reorg 2026-07-21)
PA,pa_raw_rt,,"Pan American Life Insurande de Panamá, S.A.",,Pan American Life Panamá,PA rt variantes 2021-2026 (reorg 2026-07-21)
PA,pa_raw_rt,,"Pan American Life de Panamá, S.A.",,Pan American Life Panamá,PA rt variantes 2021-2026 (reorg 2026-07-21)
PA,pa_raw_rt,,"SAGICOR Panamá, S. A.",,Sagicor Panamá,PA rt variantes 2021-2026 (reorg 2026-07-21)
PA,pa_raw_rt,,"Seguros FEDPA, S .A.",,Seguros FEDPA,PA rt variantes 2021-2026 (reorg 2026-07-21)
PA,pa_raw_rt,,"Vivir Compañía de Seguros, S. A.",,Vivir Compañía de Seguros,PA rt variantes 2021-2026 (reorg 2026-07-21)
PA,pa_raw_rt,,"WORLDWIDE MEDICAL ASSURANCE, LTD.CORP",,Worldwide Medical Assurance,PA rt variantes 2021-2026 (reorg 2026-07-21)
PA,pa_raw_rt,,"WORLWIDE MEDICAL ASSURANCE, LTD. CORP.",,Worldwide Medical Assurance,PA rt variantes 2021-2026 (reorg 2026-07-21)
PA,pa_raw_rt,,Worldwide Medical Assurance,,Worldwide Medical Assurance,PA rt variantes 2021-2026 (reorg 2026-07-21)
